-- phpMyAdmin SQL Dump
-- version 4.5.1
-- http://www.phpmyadmin.net
--
-- Servidor: 127.0.0.1
-- Tiempo de generación: 13-11-2016 a las 03:59:32
-- Versión del servidor: 10.1.16-MariaDB
-- Versión de PHP: 7.0.9

SET SQL_MODE = "NO_AUTO_VALUE_ON_ZERO";
SET time_zone = "+00:00";


/*!40101 SET @OLD_CHARACTER_SET_CLIENT=@@CHARACTER_SET_CLIENT */;
/*!40101 SET @OLD_CHARACTER_SET_RESULTS=@@CHARACTER_SET_RESULTS */;
/*!40101 SET @OLD_COLLATION_CONNECTION=@@COLLATION_CONNECTION */;
/*!40101 SET NAMES utf8mb4 */;

--
-- Base de datos: `dbdenuncias`
--

-- --------------------------------------------------------

--
-- Estructura de tabla para la tabla `archivo`
--

CREATE TABLE `archivo` (
  `idarchivo` int(11) NOT NULL,
  `iddenuncia` int(11) NOT NULL,
  `nombre` varchar(45) NOT NULL,
  `descripcion` varchar(45) DEFAULT NULL,
  `archivo` varchar(45) DEFAULT NULL,
  `tipo` enum('VIDEO','IMAGEN','AUDIO','ARCHIVO','TEXTO') NOT NULL
) ENGINE=InnoDB DEFAULT CHARSET=utf8;

-- --------------------------------------------------------

--
-- Estructura de tabla para la tabla `denuncia`
--

CREATE TABLE `denuncia` (
  `iddenuncia` int(11) NOT NULL,
  `idusuario` int(11) NOT NULL,
  `idubigeo` char(6) NOT NULL,
  `idtipo_denuncia` int(11) NOT NULL,
  `denunciado` varchar(100) NOT NULL,
  `cargo` varchar(100) DEFAULT NULL,
  `organismo_implicado` varchar(100) NOT NULL,
  `institucion_nombre` varchar(100) DEFAULT NULL,
  `institucion_direccion` varchar(45) DEFAULT NULL,
  `fecha` date NOT NULL,
  `hora` time NOT NULL,
  `descripcion` varchar(256) DEFAULT NULL,
  `estado` varchar(1) NOT NULL DEFAULT 'A'
) ENGINE=InnoDB DEFAULT CHARSET=utf8;

-- --------------------------------------------------------

--
-- Estructura de tabla para la tabla `pasos_denuncia`
--

CREATE TABLE `pasos_denuncia` (
  `idpasos_denuncia` int(11) NOT NULL,
  `idtipo_denuncia` int(11) NOT NULL,
  `numero` varchar(2) NOT NULL,
  `nombre` varchar(50) NOT NULL,
  `descripcion` varchar(512) DEFAULT NULL
) ENGINE=InnoDB DEFAULT CHARSET=utf8;

--
-- Volcado de datos para la tabla `pasos_denuncia`
--

INSERT INTO `pasos_denuncia` (`idpasos_denuncia`, `idtipo_denuncia`, `numero`, `nombre`, `descripcion`) VALUES
(3, 4, '1', 'Llamar al 105', 'Es el primer paso. En caso un ciudadano haya sido víctima de un asalto deberá reportarlo a la central de emergencias de la Policía Nacional y, de igual forma, si algún delincuente ingresó a su vivienda a robar (hurto).'),
(4, 4, '2', 'Asentar la denuncia', 'Este segundo paso tiene distintas modalidades. Según los representantes de la Policía Nacional, la víctima puede acudir a la comisaría y presentar un escrito en mesa de partes, denunciando lo ocurrido.'),
(5, 4, '3', 'Llevar pruebas', 'Una recomendación de los oficiales es que, en caso la persona haya sido víctima del robo de un objeto o artefacto de valor, lleve las pruebas que “acrediten su pertenencia”.'),
(6, 4, '4', 'Exigir su trámite', 'La dirección policial recordó a las personas que no deben efectuar ningún pago para asentar su denuncia y deben exigir a las autoridades que tramitan la misma a la brevedad posible.'),
(7, 1, '1', 'Llenar Formulario IG-01', 'Puede usar el Formulario IG-01 para presentar su denuncia.'),
(8, 1, '2', 'Detalle lo sucedido', 'Diga ¿que ocurrió?, ¿cuándo?, ¿dónde?, ¿cómo? y ¿a quién denuncia?'),
(9, 1, '3', 'Aporte pruebas', 'Aporte pruebas de su denuncia, y/o información que permita comprobarla y/o ubicarla. Por ejemplo: fotos de teléfono celular, videos, grabaciones, etc.'),
(10, 1, '4', 'Identificar al denunciado', 'No olvide identificar quién es, él o los denunciados. ¿A quién denuncia usted?.'),
(11, 2, '1', 'Llenar Formulario IG-01', 'Puede usar el Formulario IG-01 para presentar su denuncia.'),
(12, 2, '2', 'Detalle lo sucedido', 'Diga ¿que ocurrió?, ¿cuándo?, ¿dónde?, ¿cómo? y ¿a quién denuncia?'),
(13, 2, '3', 'Aporte pruebas', 'Aporte pruebas de su denuncia, y/o información que permita comprobarla y/o ubicarla. Por ejemplo: fotos de teléfono celular, videos, grabaciones, etc.'),
(14, 2, '4', 'Identificar al denunciado', 'No olvide identificar quién es, él o los denunciados. ¿A quién denuncia usted?.'),
(15, 5, '1', 'Grabar llamada y guardar documentos', 'En caso una persona sea víctima de extorsión, los policías recomiendan que, como primer paso, mantengan la calma e intenten grabar la llamada sin que los delincuentes se percaten de ello.'),
(16, 5, '2', 'Llamar al 105', 'Al igual que una víctima de robo o hurto, todo ciudadano deberá reportarlo a la central de emergencias que luego deberá derivarlo a la comisaría del sector.'),
(17, 5, '3', 'Asentar la denuncia', 'En este punto y, a diferencia de una denuncia por un asalto, los policías deberán derivar a las víctimas a una Divincri, ya que son unidades especializadas para este tipo de crímenes.'),
(18, 5, '4', 'Tomar medidas de protección', 'Las personas deberán asegurar su vivienda o el local por cualquier medio posible, con el fin de evitar daños si los extorsionadores intentan atacarlos.'),
(19, 6, '1', 'Llenar Formulario IG-01', 'Puede usar el Formulario IG-01 para presentar su denuncia.'),
(20, 6, '2', 'Detalle lo sucedido', 'Diga ¿que ocurrió?, ¿cuándo?, ¿dónde?, ¿cómo? y ¿a quién denuncia?'),
(21, 6, '3', 'Aporte pruebas', 'Aporte pruebas de su denuncia, y/o información que permita comprobarla y/o ubicarla. Por ejemplo: fotos de teléfono celular, videos, grabaciones, etc.'),
(22, 6, '4', 'Identificar al denunciado', 'No olvide identificar quién es, él o los denunciados. ¿A quién denuncia usted?.'),
(23, 7, '1', 'Guardar toda la información posible', 'Es recomendable guardar, ya sea en formato digital mediante capturas de pantalla, en documentos PDF o imprimiéndolos en papel si es necesario, todos los datos que se tengan del timador.'),
(24, 7, '2', 'Poner una denuncia', 'A nadie le gusta reconocer que ha sido timado, pero la denuncia del delito es fundamental. Además, los cuerpos y fuerzas de seguridad lo ponen muy fácil: en la Policía se puede denunciar un ciberdelito desde cualquier comisaría.'),
(25, 8, '1', 'Llenar Formulario IG-01', 'Puede usar el Formulario IG-01 para presentar su denuncia.'),
(26, 8, '2', 'Detalle lo sucedido', 'Diga ¿que ocurrió?, ¿cuándo?, ¿dónde?, ¿cómo? y ¿a quién denuncia?'),
(27, 8, '3', 'Aporte pruebas', 'Aporte pruebas de su denuncia, y/o información que permita comprobarla y/o ubicarla. Por ejemplo: fotos de teléfono celular, videos, grabaciones, etc.'),
(28, 8, '4', 'Identificar al denunciado', 'No olvide identificar quién es, él o los denunciados. ¿A quién denuncia usted?.');

-- --------------------------------------------------------

--
-- Estructura de tabla para la tabla `tipo_denuncia`
--

CREATE TABLE `tipo_denuncia` (
  `idtipo_denuncia` int(11) NOT NULL,
  `nombre` varchar(50) NOT NULL,
  `descripcion` varchar(512) DEFAULT NULL,
  `estado` varchar(1) NOT NULL DEFAULT 'A'
) ENGINE=InnoDB DEFAULT CHARSET=utf8;

--
-- Volcado de datos para la tabla `tipo_denuncia`
--

INSERT INTO `tipo_denuncia` (`idtipo_denuncia`, `nombre`, `descripcion`, `estado`) VALUES
(1, 'Abuso de Autoridad', NULL, 'A'),
(2, 'Corrupción', NULL, 'A'),
(4, 'Robo', NULL, 'A'),
(5, 'Secuestro - Extorsión', NULL, 'A'),
(6, 'Trata de Personas', NULL, 'A'),
(7, 'Estafa', NULL, 'A'),
(8, 'Violencia Familiar', NULL, 'A');

-- --------------------------------------------------------

--
-- Estructura de tabla para la tabla `ubigeo`
--

CREATE TABLE `ubigeo` (
  `idubigeo` char(6) NOT NULL,
  `coddpto` varchar(2) DEFAULT NULL,
  `codprov` varchar(2) DEFAULT NULL,
  `coddist` varchar(2) DEFAULT NULL,
  `nombre` varchar(550) NOT NULL
) ENGINE=InnoDB DEFAULT CHARSET=utf8;

--
-- Volcado de datos para la tabla `ubigeo`
--

INSERT INTO `ubigeo` (`idubigeo`, `coddpto`, `codprov`, `coddist`, `nombre`) VALUES
('010000', '1', '0', '0', 'AMAZONAS'),
('010100', '1', '1', '0', 'CHACHAPOYAS'),
('010101', '1', '1', '1', 'CHACHAPOYAS'),
('010102', '1', '1', '2', 'ASUNCION'),
('010103', '1', '1', '3', 'BALSAS'),
('010104', '1', '1', '4', 'CHETO'),
('010105', '1', '1', '5', 'CHILIQUIN'),
('010106', '1', '1', '6', 'CHUQUIBAMBA'),
('010107', '1', '1', '7', 'GRANADA'),
('010108', '1', '1', '8', 'HUANCAS'),
('010109', '1', '1', '9', 'LA JALCA'),
('010110', '1', '1', '10', 'LEIMEBAMBA'),
('010111', '1', '1', '11', 'LEVANTO'),
('010112', '1', '1', '12', 'MAGDALENA'),
('010113', '1', '1', '13', 'MARISCAL CASTILLA'),
('010114', '1', '1', '14', 'MOLINOPAMPA'),
('010115', '1', '1', '15', 'MONTEVIDEO'),
('010116', '1', '1', '16', 'OLLEROS'),
('010117', '1', '1', '17', 'QUINJALCA'),
('010118', '1', '1', '18', 'SAN FRANCISCO DE DAGUAS'),
('010119', '1', '1', '19', 'SAN ISIDRO DE MAINO'),
('010120', '1', '1', '20', 'SOLOCO'),
('010121', '1', '1', '21', 'SONCHE'),
('010200', '1', '2', '0', 'BAGUA'),
('010201', '1', '2', '1', 'BAGUA'),
('010202', '1', '2', '2', 'ARAMANGO'),
('010203', '1', '2', '3', 'COPALLIN'),
('010204', '1', '2', '4', 'EL PARCO'),
('010205', '1', '2', '5', 'IMAZA'),
('010206', '1', '2', '6', 'LA PECA'),
('010300', '1', '3', '0', 'BONGARA'),
('010301', '1', '3', '1', 'JUMBILLA'),
('010302', '1', '3', '2', 'CHISQUILLA'),
('010303', '1', '3', '3', 'CHURUJA'),
('010304', '1', '3', '4', 'COROSHA'),
('010305', '1', '3', '5', 'CUISPES'),
('010306', '1', '3', '6', 'FLORIDA'),
('010307', '1', '3', '7', 'JAZAN'),
('010308', '1', '3', '8', 'RECTA'),
('010309', '1', '3', '9', 'SAN CARLOS'),
('010310', '1', '3', '10', 'SHIPASBAMBA'),
('010311', '1', '3', '11', 'VALERA'),
('010312', '1', '3', '12', 'YAMBRASBAMBA'),
('010400', '1', '4', '0', 'CONDORCANQUI'),
('010401', '1', '4', '1', 'NIEVA'),
('010402', '1', '4', '2', 'EL CENEPA'),
('010403', '1', '4', '3', 'RIO SANTIAGO'),
('010500', '1', '5', '0', 'LUYA'),
('010501', '1', '5', '1', 'LAMUD'),
('010502', '1', '5', '2', 'CAMPORREDONDO'),
('010503', '1', '5', '3', 'COCABAMBA'),
('010504', '1', '5', '4', 'COLCAMAR'),
('010505', '1', '5', '5', 'CONILA'),
('010506', '1', '5', '6', 'INGUILPATA'),
('010507', '1', '5', '7', 'LONGUITA'),
('010508', '1', '5', '8', 'LONYA CHICO'),
('010509', '1', '5', '9', 'LUYA'),
('010510', '1', '5', '10', 'LUYA VIEJO'),
('010511', '1', '5', '11', 'MARIA'),
('010512', '1', '5', '12', 'OCALLI'),
('010513', '1', '5', '13', 'OCUMAL'),
('010514', '1', '5', '14', 'PISUQUIA'),
('010515', '1', '5', '15', 'PROVIDENCIA'),
('010516', '1', '5', '16', 'SAN CRISTOBAL'),
('010517', '1', '5', '17', 'SAN FRANCISCO DEL YESO'),
('010518', '1', '5', '18', 'SAN JERONIMO'),
('010519', '1', '5', '19', 'SAN JUAN DE LOPECANCHA'),
('010520', '1', '5', '20', 'SANTA CATALINA'),
('010521', '1', '5', '21', 'SANTO TOMAS'),
('010522', '1', '5', '22', 'TINGO'),
('010523', '1', '5', '23', 'TRITA'),
('010600', '1', '6', '0', 'RODRIGUEZ DE MENDOZA'),
('010601', '1', '6', '1', 'SAN NICOLAS'),
('010602', '1', '6', '2', 'CHIRIMOTO'),
('010603', '1', '6', '3', 'COCHAMAL'),
('010604', '1', '6', '4', 'HUAMBO'),
('010605', '1', '6', '5', 'LIMABAMBA'),
('010606', '1', '6', '6', 'LONGAR'),
('010607', '1', '6', '7', 'MARISCAL BENAVIDES'),
('010608', '1', '6', '8', 'MILPUC'),
('010609', '1', '6', '9', 'OMIA'),
('010610', '1', '6', '10', 'SANTA ROSA'),
('010611', '1', '6', '11', 'TOTORA'),
('010612', '1', '6', '12', 'VISTA ALEGRE'),
('010700', '1', '7', '0', 'UTCUBAMBA'),
('010701', '1', '7', '1', 'BAGUA GRANDE'),
('010702', '1', '7', '2', 'CAJARURO'),
('010703', '1', '7', '3', 'CUMBA'),
('010704', '1', '7', '4', 'EL MILAGRO'),
('010705', '1', '7', '5', 'JAMALCA'),
('010706', '1', '7', '6', 'LONYA GRANDE'),
('010707', '1', '7', '7', 'YAMON'),
('020000', '2', '0', '0', 'ANCASH'),
('020100', '2', '1', '0', 'HUARAZ'),
('020101', '2', '1', '1', 'HUARAZ'),
('020102', '2', '1', '2', 'COCHABAMBA'),
('020103', '2', '1', '3', 'COLCABAMBA'),
('020104', '2', '1', '4', 'HUANCHAY'),
('020105', '2', '1', '5', 'INDEPENDENCIA'),
('020106', '2', '1', '6', 'JANGAS'),
('020107', '2', '1', '7', 'LA LIBERTAD'),
('020108', '2', '1', '8', 'OLLEROS'),
('020109', '2', '1', '9', 'PAMPAS'),
('020110', '2', '1', '10', 'PARIACOTO'),
('020111', '2', '1', '11', 'PIRA'),
('020112', '2', '1', '12', 'TARICA'),
('020200', '2', '2', '0', 'AIJA'),
('020201', '2', '2', '1', 'AIJA'),
('020202', '2', '2', '2', 'CORIS'),
('020203', '2', '2', '3', 'HUACLLAN'),
('020204', '2', '2', '4', 'LA MERCED'),
('020205', '2', '2', '5', 'SUCCHA'),
('020300', '2', '3', '0', 'ANTONIO RAYMONDI'),
('020301', '2', '3', '1', 'LLAMELLIN'),
('020302', '2', '3', '2', 'ACZO'),
('020303', '2', '3', '3', 'CHACCHO'),
('020304', '2', '3', '4', 'CHINGAS'),
('020305', '2', '3', '5', 'MIRGAS'),
('020306', '2', '3', '6', 'SAN JUAN DE RONTOY'),
('020400', '2', '4', '0', 'ASUNCION'),
('020401', '2', '4', '1', 'CHACAS'),
('020402', '2', '4', '2', 'ACOCHACA'),
('020500', '2', '5', '0', 'BOLOGNESI'),
('020501', '2', '5', '1', 'CHIQUIAN'),
('020502', '2', '5', '2', 'ABELARDO PARDO LEZAMETA'),
('020503', '2', '5', '3', 'ANTONIO RAYMONDI'),
('020504', '2', '5', '4', 'AQUIA'),
('020505', '2', '5', '5', 'CAJACAY'),
('020506', '2', '5', '6', 'CANIS'),
('020507', '2', '5', '7', 'COLQUIOC'),
('020508', '2', '5', '8', 'HUALLANCA'),
('020509', '2', '5', '9', 'HUASTA'),
('020510', '2', '5', '10', 'HUAYLLACAYAN'),
('020511', '2', '5', '11', 'LA PRIMAVERA'),
('020512', '2', '5', '12', 'MANGAS'),
('020513', '2', '5', '13', 'PACLLON'),
('020514', '2', '5', '14', 'SAN MIGUEL DE CORPANQUI'),
('020515', '2', '5', '15', 'TICLLOS'),
('020600', '2', '6', '0', 'CARHUAZ'),
('020601', '2', '6', '1', 'CARHUAZ'),
('020602', '2', '6', '2', 'ACOPAMPA'),
('020603', '2', '6', '3', 'AMASHCA'),
('020604', '2', '6', '4', 'ANTA'),
('020605', '2', '6', '5', 'ATAQUERO'),
('020606', '2', '6', '6', 'MARCARA'),
('020607', '2', '6', '7', 'PARIAHUANCA'),
('020608', '2', '6', '8', 'SAN MIGUEL DE ACO'),
('020609', '2', '6', '9', 'SHILLA'),
('020610', '2', '6', '10', 'TINCO'),
('020611', '2', '6', '11', 'YUNGAR'),
('020700', '2', '7', '0', 'CARLOS FERMIN FITZCARRALD'),
('020701', '2', '7', '1', 'SAN LUIS'),
('020702', '2', '7', '2', 'SAN NICOLAS'),
('020703', '2', '7', '3', 'YAUYA'),
('020800', '2', '8', '0', 'CASMA'),
('020801', '2', '8', '1', 'CASMA'),
('020802', '2', '8', '2', 'BUENA VISTA ALTA'),
('020803', '2', '8', '3', 'COMANDANTE NOEL'),
('020804', '2', '8', '4', 'YAUTAN'),
('020900', '2', '9', '0', 'CORONGO'),
('020901', '2', '9', '1', 'CORONGO'),
('020902', '2', '9', '2', 'ACO'),
('020903', '2', '9', '3', 'BAMBAS'),
('020904', '2', '9', '4', 'CUSCA'),
('020905', '2', '9', '5', 'LA PAMPA'),
('020906', '2', '9', '6', 'YANAC'),
('020907', '2', '9', '7', 'YUPAN'),
('021000', '2', '10', '0', 'HUARI'),
('021001', '2', '10', '1', 'HUARI'),
('021002', '2', '10', '2', 'ANRA'),
('021003', '2', '10', '3', 'CAJAY'),
('021004', '2', '10', '4', 'CHAVIN DE HUANTAR'),
('021005', '2', '10', '5', 'HUACACHI'),
('021006', '2', '10', '6', 'HUACCHIS'),
('021007', '2', '10', '7', 'HUACHIS'),
('021008', '2', '10', '8', 'HUANTAR'),
('021009', '2', '10', '9', 'MASIN'),
('021010', '2', '10', '10', 'PAUCAS'),
('021011', '2', '10', '11', 'PONTO'),
('021012', '2', '10', '12', 'RAHUAPAMPA'),
('021013', '2', '10', '13', 'RAPAYAN'),
('021014', '2', '10', '14', 'SAN MARCOS'),
('021015', '2', '10', '15', 'SAN PEDRO DE CHANA'),
('021016', '2', '10', '16', 'UCO'),
('021100', '2', '11', '0', 'HUARMEY'),
('021101', '2', '11', '1', 'HUARMEY'),
('021102', '2', '11', '2', 'COCHAPETI'),
('021103', '2', '11', '3', 'CULEBRAS'),
('021104', '2', '11', '4', 'HUAYAN'),
('021105', '2', '11', '5', 'MALVAS'),
('021200', '2', '12', '0', 'HUAYLAS'),
('021201', '2', '12', '1', 'CARAZ'),
('021202', '2', '12', '2', 'HUALLANCA'),
('021203', '2', '12', '3', 'HUATA'),
('021204', '2', '12', '4', 'HUAYLAS'),
('021205', '2', '12', '5', 'MATO'),
('021206', '2', '12', '6', 'PAMPAROMAS'),
('021207', '2', '12', '7', 'PUEBLO LIBRE'),
('021208', '2', '12', '8', 'SANTA CRUZ'),
('021209', '2', '12', '9', 'SANTO TORIBIO'),
('021210', '2', '12', '10', 'YURACMARCA'),
('021300', '2', '13', '0', 'MARISCAL LUZURIAGA'),
('021301', '2', '13', '1', 'PISCOBAMBA'),
('021302', '2', '13', '2', 'CASCA'),
('021303', '2', '13', '3', 'ELEAZAR GUZMAN BARRON'),
('021304', '2', '13', '4', 'FIDEL OLIVAS ESCUDERO'),
('021305', '2', '13', '5', 'LLAMA'),
('021306', '2', '13', '6', 'LLUMPA'),
('021307', '2', '13', '7', 'LUCMA'),
('021308', '2', '13', '8', 'MUSGA'),
('021400', '2', '14', '0', 'OCROS'),
('021401', '2', '14', '1', 'OCROS'),
('021402', '2', '14', '2', 'ACAS'),
('021403', '2', '14', '3', 'CAJAMARQUILLA'),
('021404', '2', '14', '4', 'CARHUAPAMPA'),
('021405', '2', '14', '5', 'COCHAS'),
('021406', '2', '14', '6', 'CONGAS'),
('021407', '2', '14', '7', 'LLIPA'),
('021408', '2', '14', '8', 'SAN CRISTOBAL DE RAJAN'),
('021409', '2', '14', '9', 'SAN PEDRO'),
('021410', '2', '14', '10', 'SANTIAGO DE CHILCAS'),
('021500', '2', '15', '0', 'PALLASCA'),
('021501', '2', '15', '1', 'CABANA'),
('021502', '2', '15', '2', 'BOLOGNESI'),
('021503', '2', '15', '3', 'CONCHUCOS'),
('021504', '2', '15', '4', 'HUACASCHUQUE'),
('021505', '2', '15', '5', 'HUANDOVAL'),
('021506', '2', '15', '6', 'LACABAMBA'),
('021507', '2', '15', '7', 'LLAPO'),
('021508', '2', '15', '8', 'PALLASCA'),
('021509', '2', '15', '9', 'PAMPAS'),
('021510', '2', '15', '10', 'SANTA ROSA'),
('021511', '2', '15', '11', 'TAUCA'),
('021600', '2', '16', '0', 'POMABAMBA'),
('021601', '2', '16', '1', 'POMABAMBA'),
('021602', '2', '16', '2', 'HUAYLLAN'),
('021603', '2', '16', '3', 'PAROBAMBA'),
('021604', '2', '16', '4', 'QUINUABAMBA'),
('021700', '2', '17', '0', 'RECUAY'),
('021701', '2', '17', '1', 'RECUAY'),
('021702', '2', '17', '2', 'CATAC'),
('021703', '2', '17', '3', 'COTAPARACO'),
('021704', '2', '17', '4', 'HUAYLLAPAMPA'),
('021705', '2', '17', '5', 'LLACLLIN'),
('021706', '2', '17', '6', 'MARCA'),
('021707', '2', '17', '7', 'PAMPAS CHICO'),
('021708', '2', '17', '8', 'PARARIN'),
('021709', '2', '17', '9', 'TAPACOCHA'),
('021710', '2', '17', '10', 'TICAPAMPA'),
('021800', '2', '18', '0', 'SANTA'),
('021801', '2', '18', '1', 'CHIMBOTE'),
('021802', '2', '18', '2', 'CACERES DEL PERU'),
('021803', '2', '18', '3', 'COISHCO'),
('021804', '2', '18', '4', 'MACATE'),
('021805', '2', '18', '5', 'MORO'),
('021806', '2', '18', '6', 'NEPEÑA'),
('021807', '2', '18', '7', 'SAMANCO'),
('021808', '2', '18', '8', 'SANTA'),
('021809', '2', '18', '9', 'NUEVO CHIMBOTE'),
('021900', '2', '19', '0', 'SIHUAS'),
('021901', '2', '19', '1', 'SIHUAS'),
('021902', '2', '19', '2', 'ACOBAMBA'),
('021903', '2', '19', '3', 'ALFONSO UGARTE'),
('021904', '2', '19', '4', 'CASHAPAMPA'),
('021905', '2', '19', '5', 'CHINGALPO'),
('021906', '2', '19', '6', 'HUAYLLABAMBA'),
('021907', '2', '19', '7', 'QUICHES'),
('021908', '2', '19', '8', 'RAGASH'),
('021909', '2', '19', '9', 'SAN JUAN'),
('021910', '2', '19', '10', 'SICSIBAMBA'),
('022000', '2', '20', '0', 'YUNGAY'),
('022001', '2', '20', '1', 'YUNGAY'),
('022002', '2', '20', '2', 'CASCAPARA'),
('022003', '2', '20', '3', 'MANCOS'),
('022004', '2', '20', '4', 'MATACOTO'),
('022005', '2', '20', '5', 'QUILLO'),
('022006', '2', '20', '6', 'RANRAHIRCA'),
('022007', '2', '20', '7', 'SHUPLUY'),
('022008', '2', '20', '8', 'YANAMA'),
('030000', '3', '0', '0', 'APURIMAC'),
('030100', '3', '1', '0', 'ABANCAY'),
('030101', '3', '1', '1', 'ABANCAY'),
('030102', '3', '1', '2', 'CHACOCHE'),
('030103', '3', '1', '3', 'CIRCA'),
('030104', '3', '1', '4', 'CURAHUASI'),
('030105', '3', '1', '5', 'HUANIPACA'),
('030106', '3', '1', '6', 'LAMBRAMA'),
('030107', '3', '1', '7', 'PICHIRHUA'),
('030108', '3', '1', '8', 'SAN PEDRO DE CACHORA'),
('030109', '3', '1', '9', 'TAMBURCO'),
('030200', '3', '2', '0', 'ANDAHUAYLAS'),
('030201', '3', '2', '1', 'ANDAHUAYLAS'),
('030202', '3', '2', '2', 'ANDARAPA'),
('030203', '3', '2', '3', 'CHIARA'),
('030204', '3', '2', '4', 'HUANCARAMA'),
('030205', '3', '2', '5', 'HUANCARAY'),
('030206', '3', '2', '6', 'HUAYANA'),
('030207', '3', '2', '7', 'KISHUARA'),
('030208', '3', '2', '8', 'PACOBAMBA'),
('030209', '3', '2', '9', 'PACUCHA'),
('030210', '3', '2', '10', 'PAMPACHIRI'),
('030211', '3', '2', '11', 'POMACOCHA'),
('030212', '3', '2', '12', 'SAN ANTONIO DE CACHI'),
('030213', '3', '2', '13', 'SAN JERONIMO'),
('030214', '3', '2', '14', 'SAN MIGUEL DE CHACCRAMPA'),
('030215', '3', '2', '15', 'SANTA MARIA DE CHICMO'),
('030216', '3', '2', '16', 'TALAVERA'),
('030217', '3', '2', '17', 'TUMAY HUARACA'),
('030218', '3', '2', '18', 'TURPO'),
('030219', '3', '2', '19', 'KAQUIABAMBA'),
('030300', '3', '3', '0', 'ANTABAMBA'),
('030301', '3', '3', '1', 'ANTABAMBA'),
('030302', '3', '3', '2', 'EL ORO'),
('030303', '3', '3', '3', 'HUAQUIRCA'),
('030304', '3', '3', '4', 'JUAN ESPINOZA MEDRANO'),
('030305', '3', '3', '5', 'OROPESA'),
('030306', '3', '3', '6', 'PACHACONAS'),
('030307', '3', '3', '7', 'SABAINO'),
('030400', '3', '4', '0', 'AYMARAES'),
('030401', '3', '4', '1', 'CHALHUANCA'),
('030402', '3', '4', '2', 'CAPAYA'),
('030403', '3', '4', '3', 'CARAYBAMBA'),
('030404', '3', '4', '4', 'CHAPIMARCA'),
('030405', '3', '4', '5', 'COLCABAMBA'),
('030406', '3', '4', '6', 'COTARUSE'),
('030407', '3', '4', '7', 'HUAYLLO'),
('030408', '3', '4', '8', 'JUSTO APU SAHUARAURA'),
('030409', '3', '4', '9', 'LUCRE'),
('030410', '3', '4', '10', 'POCOHUANCA'),
('030411', '3', '4', '11', 'SAN JUAN DE CHACÑA'),
('030412', '3', '4', '12', 'SAÑAYCA'),
('030413', '3', '4', '13', 'SORAYA'),
('030414', '3', '4', '14', 'TAPAIRIHUA'),
('030415', '3', '4', '15', 'TINTAY'),
('030416', '3', '4', '16', 'TORAYA'),
('030417', '3', '4', '17', 'YANACA'),
('030500', '3', '5', '0', 'COTABAMBAS'),
('030501', '3', '5', '1', 'TAMBOBAMBA'),
('030502', '3', '5', '2', 'COTABAMBAS'),
('030503', '3', '5', '3', 'COYLLURQUI'),
('030504', '3', '5', '4', 'HAQUIRA'),
('030505', '3', '5', '5', 'MARA'),
('030506', '3', '5', '6', 'CHALLHUAHUACHO'),
('030600', '3', '6', '0', 'CHINCHEROS'),
('030601', '3', '6', '1', 'CHINCHEROS'),
('030602', '3', '6', '2', 'ANCO_HUALLO'),
('030603', '3', '6', '3', 'COCHARCAS'),
('030604', '3', '6', '4', 'HUACCANA'),
('030605', '3', '6', '5', 'OCOBAMBA'),
('030606', '3', '6', '6', 'ONGOY'),
('030607', '3', '6', '7', 'URANMARCA'),
('030608', '3', '6', '8', 'RANRACANCHA'),
('030700', '3', '7', '0', 'GRAU'),
('030701', '3', '7', '1', 'CHUQUIBAMBILLA'),
('030702', '3', '7', '2', 'CURPAHUASI'),
('030703', '3', '7', '3', 'GAMARRA'),
('030704', '3', '7', '4', 'HUAYLLATI'),
('030705', '3', '7', '5', 'MAMARA'),
('030706', '3', '7', '6', 'MICAELA BASTIDAS'),
('030707', '3', '7', '7', 'PATAYPAMPA'),
('030708', '3', '7', '8', 'PROGRESO'),
('030709', '3', '7', '9', 'SAN ANTONIO'),
('030710', '3', '7', '10', 'SANTA ROSA'),
('030711', '3', '7', '11', 'TURPAY'),
('030712', '3', '7', '12', 'VILCABAMBA'),
('030713', '3', '7', '13', 'VIRUNDO'),
('030714', '3', '7', '14', 'CURASCO'),
('040000', '4', '0', '0', 'AREQUIPA'),
('040100', '4', '1', '0', 'AREQUIPA'),
('040101', '4', '1', '1', 'AREQUIPA'),
('040102', '4', '1', '2', 'ALTO SELVA ALEGRE'),
('040103', '4', '1', '3', 'CAYMA'),
('040104', '4', '1', '4', 'CERRO COLORADO'),
('040105', '4', '1', '5', 'CHARACATO'),
('040106', '4', '1', '6', 'CHIGUATA'),
('040107', '4', '1', '7', 'JACOBO HUNTER'),
('040108', '4', '1', '8', 'LA JOYA'),
('040109', '4', '1', '9', 'MARIANO MELGAR'),
('040110', '4', '1', '10', 'MIRAFLORES'),
('040111', '4', '1', '11', 'MOLLEBAYA'),
('040112', '4', '1', '12', 'PAUCARPATA'),
('040113', '4', '1', '13', 'POCSI'),
('040114', '4', '1', '14', 'POLOBAYA'),
('040115', '4', '1', '15', 'QUEQUEÑA'),
('040116', '4', '1', '16', 'SABANDIA'),
('040117', '4', '1', '17', 'SACHACA'),
('040118', '4', '1', '18', 'SAN JUAN DE SIGUAS'),
('040119', '4', '1', '19', 'SAN JUAN DE TARUCANI'),
('040120', '4', '1', '20', 'SANTA ISABEL DE SIGUAS'),
('040121', '4', '1', '21', 'SANTA RITA DE SIGUAS'),
('040122', '4', '1', '22', 'SOCABAYA'),
('040123', '4', '1', '23', 'TIABAYA'),
('040124', '4', '1', '24', 'UCHUMAYO'),
('040125', '4', '1', '25', 'VITOR'),
('040126', '4', '1', '26', 'YANAHUARA'),
('040127', '4', '1', '27', 'YARABAMBA'),
('040128', '4', '1', '28', 'YURA'),
('040129', '4', '1', '29', 'JOSE LUIS BUSTAMANTE Y RIVERO'),
('040200', '4', '2', '0', 'CAMANA'),
('040201', '4', '2', '1', 'CAMANA'),
('040202', '4', '2', '2', 'JOSE MARIA QUIMPER'),
('040203', '4', '2', '3', 'MARIANO NICOLAS VALCARCEL'),
('040204', '4', '2', '4', 'MARISCAL CACERES'),
('040205', '4', '2', '5', 'NICOLAS DE PIEROLA'),
('040206', '4', '2', '6', 'OCOÑA'),
('040207', '4', '2', '7', 'QUILCA'),
('040208', '4', '2', '8', 'SAMUEL PASTOR'),
('040300', '4', '3', '0', 'CARAVELI'),
('040301', '4', '3', '1', 'CARAVELI'),
('040302', '4', '3', '2', 'ACARI'),
('040303', '4', '3', '3', 'ATICO'),
('040304', '4', '3', '4', 'ATIQUIPA'),
('040305', '4', '3', '5', 'BELLA UNION'),
('040306', '4', '3', '6', 'CAHUACHO'),
('040307', '4', '3', '7', 'CHALA'),
('040308', '4', '3', '8', 'CHAPARRA'),
('040309', '4', '3', '9', 'HUANUHUANU'),
('040310', '4', '3', '10', 'JAQUI'),
('040311', '4', '3', '11', 'LOMAS'),
('040312', '4', '3', '12', 'QUICACHA'),
('040313', '4', '3', '13', 'YAUCA'),
('040400', '4', '4', '0', 'CASTILLA'),
('040401', '4', '4', '1', 'APLAO'),
('040402', '4', '4', '2', 'ANDAGUA'),
('040403', '4', '4', '3', 'AYO'),
('040404', '4', '4', '4', 'CHACHAS'),
('040405', '4', '4', '5', 'CHILCAYMARCA'),
('040406', '4', '4', '6', 'CHOCO'),
('040407', '4', '4', '7', 'HUANCARQUI'),
('040408', '4', '4', '8', 'MACHAGUAY'),
('040409', '4', '4', '9', 'ORCOPAMPA'),
('040410', '4', '4', '10', 'PAMPACOLCA'),
('040411', '4', '4', '11', 'TIPAN'),
('040412', '4', '4', '12', 'UÑON'),
('040413', '4', '4', '13', 'URACA'),
('040414', '4', '4', '14', 'VIRACO'),
('040500', '4', '5', '0', 'CAYLLOMA'),
('040501', '4', '5', '1', 'CHIVAY'),
('040502', '4', '5', '2', 'ACHOMA'),
('040503', '4', '5', '3', 'CABANACONDE'),
('040504', '4', '5', '4', 'CALLALLI'),
('040505', '4', '5', '5', 'CAYLLOMA'),
('040506', '4', '5', '6', 'COPORAQUE'),
('040507', '4', '5', '7', 'HUAMBO'),
('040508', '4', '5', '8', 'HUANCA'),
('040509', '4', '5', '9', 'ICHUPAMPA'),
('040510', '4', '5', '10', 'LARI'),
('040511', '4', '5', '11', 'LLUTA'),
('040512', '4', '5', '12', 'MACA'),
('040513', '4', '5', '13', 'MADRIGAL'),
('040514', '4', '5', '14', 'SAN ANTONIO DE CHUCA'),
('040515', '4', '5', '15', 'SIBAYO'),
('040516', '4', '5', '16', 'TAPAY'),
('040517', '4', '5', '17', 'TISCO'),
('040518', '4', '5', '18', 'TUTI'),
('040519', '4', '5', '19', 'YANQUE'),
('040520', '4', '5', '20', 'MAJES'),
('040600', '4', '6', '0', 'CONDESUYOS'),
('040601', '4', '6', '1', 'CHUQUIBAMBA'),
('040602', '4', '6', '2', 'ANDARAY'),
('040603', '4', '6', '3', 'CAYARANI'),
('040604', '4', '6', '4', 'CHICHAS'),
('040605', '4', '6', '5', 'IRAY'),
('040606', '4', '6', '6', 'RIO GRANDE'),
('040607', '4', '6', '7', 'SALAMANCA'),
('040608', '4', '6', '8', 'YANAQUIHUA'),
('040700', '4', '7', '0', 'ISLAY'),
('040701', '4', '7', '1', 'MOLLENDO'),
('040702', '4', '7', '2', 'COCACHACRA'),
('040703', '4', '7', '3', 'DEAN VALDIVIA'),
('040704', '4', '7', '4', 'ISLAY'),
('040705', '4', '7', '5', 'MEJIA'),
('040706', '4', '7', '6', 'PUNTA DE BOMBON'),
('040800', '4', '8', '0', 'LA UNION'),
('040801', '4', '8', '1', 'COTAHUASI'),
('040802', '4', '8', '2', 'ALCA'),
('040803', '4', '8', '3', 'CHARCANA'),
('040804', '4', '8', '4', 'HUAYNACOTAS'),
('040805', '4', '8', '5', 'PAMPAMARCA'),
('040806', '4', '8', '6', 'PUYCA'),
('040807', '4', '8', '7', 'QUECHUALLA'),
('040808', '4', '8', '8', 'SAYLA'),
('040809', '4', '8', '9', 'TAURIA'),
('040810', '4', '8', '10', 'TOMEPAMPA'),
('040811', '4', '8', '11', 'TORO'),
('050000', '5', '0', '0', 'AYACUCHO'),
('050100', '5', '1', '0', 'HUAMANGA'),
('050101', '5', '1', '1', 'AYACUCHO'),
('050102', '5', '1', '2', 'ACOCRO'),
('050103', '5', '1', '3', 'ACOS VINCHOS'),
('050104', '5', '1', '4', 'CARMEN ALTO'),
('050105', '5', '1', '5', 'CHIARA'),
('050106', '5', '1', '6', 'OCROS'),
('050107', '5', '1', '7', 'PACAYCASA'),
('050108', '5', '1', '8', 'QUINUA'),
('050109', '5', '1', '9', 'SAN JOSE DE TICLLAS'),
('050110', '5', '1', '10', 'SAN JUAN BAUTISTA'),
('050111', '5', '1', '11', 'SANTIAGO DE PISCHA'),
('050112', '5', '1', '12', 'SOCOS'),
('050113', '5', '1', '13', 'TAMBILLO'),
('050114', '5', '1', '14', 'VINCHOS'),
('050115', '5', '1', '15', 'JESUS NAZARENO'),
('050200', '5', '2', '0', 'CANGALLO'),
('050201', '5', '2', '1', 'CANGALLO'),
('050202', '5', '2', '2', 'CHUSCHI'),
('050203', '5', '2', '3', 'LOS MOROCHUCOS'),
('050204', '5', '2', '4', 'MARIA PARADO DE BELLIDO'),
('050205', '5', '2', '5', 'PARAS'),
('050206', '5', '2', '6', 'TOTOS'),
('050300', '5', '3', '0', 'HUANCA SANCOS'),
('050301', '5', '3', '1', 'SANCOS'),
('050302', '5', '3', '2', 'CARAPO'),
('050303', '5', '3', '3', 'SACSAMARCA'),
('050304', '5', '3', '4', 'SANTIAGO DE LUCANAMARCA'),
('050400', '5', '4', '0', 'HUANTA'),
('050401', '5', '4', '1', 'HUANTA'),
('050402', '5', '4', '2', 'AYAHUANCO'),
('050403', '5', '4', '3', 'HUAMANGUILLA'),
('050404', '5', '4', '4', 'IGUAIN'),
('050405', '5', '4', '5', 'LURICOCHA'),
('050406', '5', '4', '6', 'SANTILLANA'),
('050407', '5', '4', '7', 'SIVIA'),
('050408', '5', '4', '8', 'LLOCHEGUA'),
('050500', '5', '5', '0', 'LA MAR'),
('050501', '5', '5', '1', 'SAN MIGUEL'),
('050502', '5', '5', '2', 'ANCO'),
('050503', '5', '5', '3', 'AYNA'),
('050504', '5', '5', '4', 'CHILCAS'),
('050505', '5', '5', '5', 'CHUNGUI'),
('050506', '5', '5', '6', 'LUIS CARRANZA'),
('050507', '5', '5', '7', 'SANTA ROSA'),
('050508', '5', '5', '8', 'TAMBO'),
('050509', '5', '5', '9', 'SAMUGARI'),
('050600', '5', '6', '0', 'LUCANAS'),
('050601', '5', '6', '1', 'PUQUIO'),
('050602', '5', '6', '2', 'AUCARA'),
('050603', '5', '6', '3', 'CABANA'),
('050604', '5', '6', '4', 'CARMEN SALCEDO'),
('050605', '5', '6', '5', 'CHAVIÑA'),
('050606', '5', '6', '6', 'CHIPAO'),
('050607', '5', '6', '7', 'HUAC-HUAS'),
('050608', '5', '6', '8', 'LARAMATE'),
('050609', '5', '6', '9', 'LEONCIO PRADO'),
('050610', '5', '6', '10', 'LLAUTA'),
('050611', '5', '6', '11', 'LUCANAS'),
('050612', '5', '6', '12', 'OCAÑA'),
('050613', '5', '6', '13', 'OTOCA'),
('050614', '5', '6', '14', 'SAISA'),
('050615', '5', '6', '15', 'SAN CRISTOBAL'),
('050616', '5', '6', '16', 'SAN JUAN'),
('050617', '5', '6', '17', 'SAN PEDRO'),
('050618', '5', '6', '18', 'SAN PEDRO DE PALCO'),
('050619', '5', '6', '19', 'SANCOS'),
('050620', '5', '6', '20', 'SANTA ANA DE HUAYCAHUACHO'),
('050621', '5', '6', '21', 'SANTA LUCIA'),
('050700', '5', '7', '0', 'PARINACOCHAS'),
('050701', '5', '7', '1', 'CORACORA'),
('050702', '5', '7', '2', 'CHUMPI'),
('050703', '5', '7', '3', 'CORONEL CASTAÑEDA'),
('050704', '5', '7', '4', 'PACAPAUSA'),
('050705', '5', '7', '5', 'PULLO'),
('050706', '5', '7', '6', 'PUYUSCA'),
('050707', '5', '7', '7', 'SAN FRANCISCO DE RAVACAYCO'),
('050708', '5', '7', '8', 'UPAHUACHO'),
('050800', '5', '8', '0', 'PAUCAR DEL SARA SARA'),
('050801', '5', '8', '1', 'PAUSA'),
('050802', '5', '8', '2', 'COLTA'),
('050803', '5', '8', '3', 'CORCULLA'),
('050804', '5', '8', '4', 'LAMPA'),
('050805', '5', '8', '5', 'MARCABAMBA'),
('050806', '5', '8', '6', 'OYOLO'),
('050807', '5', '8', '7', 'PARARCA'),
('050808', '5', '8', '8', 'SAN JAVIER DE ALPABAMBA'),
('050809', '5', '8', '9', 'SAN JOSE DE USHUA'),
('050810', '5', '8', '10', 'SARA SARA'),
('050900', '5', '9', '0', 'SUCRE'),
('050901', '5', '9', '1', 'QUEROBAMBA'),
('050902', '5', '9', '2', 'BELEN'),
('050903', '5', '9', '3', 'CHALCOS'),
('050904', '5', '9', '4', 'CHILCAYOC'),
('050905', '5', '9', '5', 'HUACAÑA'),
('050906', '5', '9', '6', 'MORCOLLA'),
('050907', '5', '9', '7', 'PAICO'),
('050908', '5', '9', '8', 'SAN PEDRO DE LARCAY'),
('050909', '5', '9', '9', 'SAN SALVADOR DE QUIJE'),
('050910', '5', '9', '10', 'SANTIAGO DE PAUCARAY'),
('050911', '5', '9', '11', 'SORAS'),
('051000', '5', '10', '0', 'VICTOR FAJARDO'),
('051001', '5', '10', '1', 'HUANCAPI'),
('051002', '5', '10', '2', 'ALCAMENCA'),
('051003', '5', '10', '3', 'APONGO'),
('051004', '5', '10', '4', 'ASQUIPATA'),
('051005', '5', '10', '5', 'CANARIA'),
('051006', '5', '10', '6', 'CAYARA'),
('051007', '5', '10', '7', 'COLCA'),
('051008', '5', '10', '8', 'HUAMANQUIQUIA'),
('051009', '5', '10', '9', 'HUANCARAYLLA'),
('051010', '5', '10', '10', 'HUAYA'),
('051011', '5', '10', '11', 'SARHUA'),
('051012', '5', '10', '12', 'VILCANCHOS'),
('051100', '5', '11', '0', 'VILCAS HUAMAN'),
('051101', '5', '11', '1', 'VILCAS HUAMAN'),
('051102', '5', '11', '2', 'ACCOMARCA'),
('051103', '5', '11', '3', 'CARHUANCA'),
('051104', '5', '11', '4', 'CONCEPCION'),
('051105', '5', '11', '5', 'HUAMBALPA'),
('051106', '5', '11', '6', 'INDEPENDENCIA'),
('051107', '5', '11', '7', 'SAURAMA'),
('051108', '5', '11', '8', 'VISCHONGO'),
('060000', '6', '0', '0', 'CAJAMARCA'),
('060100', '6', '1', '0', 'CAJAMARCA'),
('060101', '6', '1', '1', 'CAJAMARCA'),
('060102', '6', '1', '2', 'ASUNCION'),
('060103', '6', '1', '3', 'CHETILLA'),
('060104', '6', '1', '4', 'COSPAN'),
('060105', '6', '1', '5', 'ENCAÑADA'),
('060106', '6', '1', '6', 'JESUS'),
('060107', '6', '1', '7', 'LLACANORA'),
('060108', '6', '1', '8', 'LOS BAÑOS DEL INCA'),
('060109', '6', '1', '9', 'MAGDALENA'),
('060110', '6', '1', '10', 'MATARA'),
('060111', '6', '1', '11', 'NAMORA'),
('060112', '6', '1', '12', 'SAN JUAN'),
('060200', '6', '2', '0', 'CAJABAMBA'),
('060201', '6', '2', '1', 'CAJABAMBA'),
('060202', '6', '2', '2', 'CACHACHI'),
('060203', '6', '2', '3', 'CONDEBAMBA'),
('060204', '6', '2', '4', 'SITACOCHA'),
('060300', '6', '3', '0', 'CELENDIN'),
('060301', '6', '3', '1', 'CELENDIN'),
('060302', '6', '3', '2', 'CHUMUCH'),
('060303', '6', '3', '3', 'CORTEGANA'),
('060304', '6', '3', '4', 'HUASMIN'),
('060305', '6', '3', '5', 'JORGE CHAVEZ'),
('060306', '6', '3', '6', 'JOSE GALVEZ'),
('060307', '6', '3', '7', 'MIGUEL IGLESIAS'),
('060308', '6', '3', '8', 'OXAMARCA'),
('060309', '6', '3', '9', 'SOROCHUCO'),
('060310', '6', '3', '10', 'SUCRE'),
('060311', '6', '3', '11', 'UTCO'),
('060312', '6', '3', '12', 'LA LIBERTAD DE PALLAN'),
('060400', '6', '4', '0', 'CHOTA'),
('060401', '6', '4', '1', 'CHOTA'),
('060402', '6', '4', '2', 'ANGUIA'),
('060403', '6', '4', '3', 'CHADIN'),
('060404', '6', '4', '4', 'CHIGUIRIP'),
('060405', '6', '4', '5', 'CHIMBAN'),
('060406', '6', '4', '6', 'CHOROPAMPA'),
('060407', '6', '4', '7', 'COCHABAMBA'),
('060408', '6', '4', '8', 'CONCHAN'),
('060409', '6', '4', '9', 'HUAMBOS'),
('060410', '6', '4', '10', 'LAJAS'),
('060411', '6', '4', '11', 'LLAMA'),
('060412', '6', '4', '12', 'MIRACOSTA'),
('060413', '6', '4', '13', 'PACCHA'),
('060414', '6', '4', '14', 'PION'),
('060415', '6', '4', '15', 'QUEROCOTO'),
('060416', '6', '4', '16', 'SAN JUAN DE LICUPIS'),
('060417', '6', '4', '17', 'TACABAMBA'),
('060418', '6', '4', '18', 'TOCMOCHE'),
('060419', '6', '4', '19', 'CHALAMARCA'),
('060500', '6', '5', '0', 'CONTUMAZA'),
('060501', '6', '5', '1', 'CONTUMAZA'),
('060502', '6', '5', '2', 'CHILETE'),
('060503', '6', '5', '3', 'CUPISNIQUE'),
('060504', '6', '5', '4', 'GUZMANGO'),
('060505', '6', '5', '5', 'SAN BENITO'),
('060506', '6', '5', '6', 'SANTA CRUZ DE TOLED'),
('060507', '6', '5', '7', 'TANTARICA'),
('060508', '6', '5', '8', 'YONAN'),
('060600', '6', '6', '0', 'CUTERVO'),
('060601', '6', '6', '1', 'CUTERVO'),
('060602', '6', '6', '2', 'CALLAYUC'),
('060603', '6', '6', '3', 'CHOROS'),
('060604', '6', '6', '4', 'CUJILLO'),
('060605', '6', '6', '5', 'LA RAMADA'),
('060606', '6', '6', '6', 'PIMPINGOS'),
('060607', '6', '6', '7', 'QUEROCOTILLO'),
('060608', '6', '6', '8', 'SAN ANDRES DE CUTERVO'),
('060609', '6', '6', '9', 'SAN JUAN DE CUTERVO'),
('060610', '6', '6', '10', 'SAN LUIS DE LUCMA'),
('060611', '6', '6', '11', 'SANTA CRUZ'),
('060612', '6', '6', '12', 'SANTO DOMINGO DE LA CAPILLA'),
('060613', '6', '6', '13', 'SANTO TOMAS'),
('060614', '6', '6', '14', 'SOCOTA'),
('060615', '6', '6', '15', 'TORIBIO CASANOVA'),
('060700', '6', '7', '0', 'HUALGAYOC'),
('060701', '6', '7', '1', 'BAMBAMARCA'),
('060702', '6', '7', '2', 'CHUGUR'),
('060703', '6', '7', '3', 'HUALGAYOC'),
('060800', '6', '8', '0', 'JAEN'),
('060801', '6', '8', '1', 'JAEN'),
('060802', '6', '8', '2', 'BELLAVISTA'),
('060803', '6', '8', '3', 'CHONTALI'),
('060804', '6', '8', '4', 'COLASAY'),
('060805', '6', '8', '5', 'HUABAL'),
('060806', '6', '8', '6', 'LAS PIRIAS'),
('060807', '6', '8', '7', 'POMAHUACA'),
('060808', '6', '8', '8', 'PUCARA'),
('060809', '6', '8', '9', 'SALLIQUE'),
('060810', '6', '8', '10', 'SAN FELIPE'),
('060811', '6', '8', '11', 'SAN JOSE DEL ALTO'),
('060812', '6', '8', '12', 'SANTA ROSA'),
('060900', '6', '9', '0', 'SAN IGNACIO'),
('060901', '6', '9', '1', 'SAN IGNACIO'),
('060902', '6', '9', '2', 'CHIRINOS'),
('060903', '6', '9', '3', 'HUARANGO'),
('060904', '6', '9', '4', 'LA COIPA'),
('060905', '6', '9', '5', 'NAMBALLE'),
('060906', '6', '9', '6', 'SAN JOSE DE LOURDES'),
('060907', '6', '9', '7', 'TABACONAS'),
('061000', '6', '10', '0', 'SAN MARCOS'),
('061001', '6', '10', '1', 'PEDRO GALVEZ'),
('061002', '6', '10', '2', 'CHANCAY'),
('061003', '6', '10', '3', 'EDUARDO VILLANUEVA'),
('061004', '6', '10', '4', 'GREGORIO PITA'),
('061005', '6', '10', '5', 'ICHOCAN'),
('061006', '6', '10', '6', 'JOSE MANUEL QUIROZ'),
('061007', '6', '10', '7', 'JOSE SABOGAL'),
('061100', '6', '11', '0', 'SAN MIGUEL'),
('061101', '6', '11', '1', 'SAN MIGUEL'),
('061102', '6', '11', '2', 'BOLIVAR'),
('061103', '6', '11', '3', 'CALQUIS'),
('061104', '6', '11', '4', 'CATILLUC'),
('061105', '6', '11', '5', 'EL PRADO'),
('061106', '6', '11', '6', 'LA FLORIDA'),
('061107', '6', '11', '7', 'LLAPA'),
('061108', '6', '11', '8', 'NANCHOC'),
('061109', '6', '11', '9', 'NIEPOS'),
('061110', '6', '11', '10', 'SAN GREGORIO'),
('061111', '6', '11', '11', 'SAN SILVESTRE DE COCHAN'),
('061112', '6', '11', '12', 'TONGOD'),
('061113', '6', '11', '13', 'UNION AGUA BLANCA'),
('061200', '6', '12', '0', 'SAN PABLO'),
('061201', '6', '12', '1', 'SAN PABLO'),
('061202', '6', '12', '2', 'SAN BERNARDINO'),
('061203', '6', '12', '3', 'SAN LUIS'),
('061204', '6', '12', '4', 'TUMBADEN'),
('061300', '6', '13', '0', 'SANTA CRUZ'),
('061301', '6', '13', '1', 'SANTA CRUZ'),
('061302', '6', '13', '2', 'ANDABAMBA'),
('061303', '6', '13', '3', 'CATACHE'),
('061304', '6', '13', '4', 'CHANCAYBAÑOS'),
('061305', '6', '13', '5', 'LA ESPERANZA'),
('061306', '6', '13', '6', 'NINABAMBA'),
('061307', '6', '13', '7', 'PULAN'),
('061308', '6', '13', '8', 'SAUCEPAMPA'),
('061309', '6', '13', '9', 'SEXI'),
('061310', '6', '13', '10', 'UTICYACU'),
('061311', '6', '13', '11', 'YAUYUCAN'),
('070000', '7', '0', '0', 'CALLAO'),
('070100', '7', '1', '0', 'CALLAO'),
('070101', '7', '1', '1', 'CALLAO'),
('070102', '7', '1', '2', 'BELLAVISTA'),
('070103', '7', '1', '3', 'CARMEN DE LA LEGUA REYNOSO'),
('070104', '7', '1', '4', 'LA PERLA'),
('070105', '7', '1', '5', 'LA PUNTA'),
('070106', '7', '1', '6', 'VENTANILLA'),
('080000', '8', '0', '0', 'CUSCO'),
('080100', '8', '1', '0', 'CUSCO'),
('080101', '8', '1', '1', 'CUSCO'),
('080102', '8', '1', '2', 'CCORCA'),
('080103', '8', '1', '3', 'POROY'),
('080104', '8', '1', '4', 'SAN JERONIMO'),
('080105', '8', '1', '5', 'SAN SEBASTIAN'),
('080106', '8', '1', '6', 'SANTIAGO'),
('080107', '8', '1', '7', 'SAYLLA'),
('080108', '8', '1', '8', 'WANCHAQ'),
('080200', '8', '2', '0', 'ACOMAYO'),
('080201', '8', '2', '1', 'ACOMAYO'),
('080202', '8', '2', '2', 'ACOPIA'),
('080203', '8', '2', '3', 'ACOS'),
('080204', '8', '2', '4', 'MOSOC LLACTA'),
('080205', '8', '2', '5', 'POMACANCHI'),
('080206', '8', '2', '6', 'RONDOCAN'),
('080207', '8', '2', '7', 'SANGARARA'),
('080300', '8', '3', '0', 'ANTA'),
('080301', '8', '3', '1', 'ANTA'),
('080302', '8', '3', '2', 'ANCAHUASI'),
('080303', '8', '3', '3', 'CACHIMAYO'),
('080304', '8', '3', '4', 'CHINCHAYPUJIO'),
('080305', '8', '3', '5', 'HUAROCONDO'),
('080306', '8', '3', '6', 'LIMATAMBO'),
('080307', '8', '3', '7', 'MOLLEPATA'),
('080308', '8', '3', '8', 'PUCYURA'),
('080309', '8', '3', '9', 'ZURITE'),
('080400', '8', '4', '0', 'CALCA'),
('080401', '8', '4', '1', 'CALCA'),
('080402', '8', '4', '2', 'COYA'),
('080403', '8', '4', '3', 'LAMAY'),
('080404', '8', '4', '4', 'LARES'),
('080405', '8', '4', '5', 'PISAC'),
('080406', '8', '4', '6', 'SAN SALVADOR'),
('080407', '8', '4', '7', 'TARAY'),
('080408', '8', '4', '8', 'YANATILE'),
('080500', '8', '5', '0', 'CANAS'),
('080501', '8', '5', '1', 'YANAOCA'),
('080502', '8', '5', '2', 'CHECCA'),
('080503', '8', '5', '3', 'KUNTURKANKI'),
('080504', '8', '5', '4', 'LANGUI'),
('080505', '8', '5', '5', 'LAYO'),
('080506', '8', '5', '6', 'PAMPAMARCA'),
('080507', '8', '5', '7', 'QUEHUE'),
('080508', '8', '5', '8', 'TUPAC AMARU'),
('080600', '8', '6', '0', 'CANCHIS'),
('080601', '8', '6', '1', 'SICUANI'),
('080602', '8', '6', '2', 'CHECACUPE'),
('080603', '8', '6', '3', 'COMBAPATA'),
('080604', '8', '6', '4', 'MARANGANI'),
('080605', '8', '6', '5', 'PITUMARCA'),
('080606', '8', '6', '6', 'SAN PABLO'),
('080607', '8', '6', '7', 'SAN PEDRO'),
('080608', '8', '6', '8', 'TINTA'),
('080700', '8', '7', '0', 'CHUMBIVILCAS'),
('080701', '8', '7', '1', 'SANTO TOMAS'),
('080702', '8', '7', '2', 'CAPACMARCA'),
('080703', '8', '7', '3', 'CHAMACA'),
('080704', '8', '7', '4', 'COLQUEMARCA'),
('080705', '8', '7', '5', 'LIVITACA'),
('080706', '8', '7', '6', 'LLUSCO'),
('080707', '8', '7', '7', 'QUIÑOTA'),
('080708', '8', '7', '8', 'VELILLE'),
('080800', '8', '8', '0', 'ESPINAR'),
('080801', '8', '8', '1', 'ESPINAR'),
('080802', '8', '8', '2', 'CONDOROMA'),
('080803', '8', '8', '3', 'COPORAQUE'),
('080804', '8', '8', '4', 'OCORURO'),
('080805', '8', '8', '5', 'PALLPATA'),
('080806', '8', '8', '6', 'PICHIGUA'),
('080807', '8', '8', '7', 'SUYCKUTAMBO'),
('080808', '8', '8', '8', 'ALTO PICHIGUA'),
('080900', '8', '9', '0', 'LA CONVENCION'),
('080901', '8', '9', '1', 'SANTA ANA'),
('080902', '8', '9', '2', 'ECHARATE'),
('080903', '8', '9', '3', 'HUAYOPATA'),
('080904', '8', '9', '4', 'MARANURA'),
('080905', '8', '9', '5', 'OCOBAMBA'),
('080906', '8', '9', '6', 'QUELLOUNO'),
('080907', '8', '9', '7', 'KIMBIRI'),
('080908', '8', '9', '8', 'SANTA TERESA'),
('080909', '8', '9', '9', 'VILCABAMBA'),
('080910', '8', '9', '10', 'PICHARI'),
('081000', '8', '10', '0', 'PARURO'),
('081001', '8', '10', '1', 'PARURO'),
('081002', '8', '10', '2', 'ACCHA'),
('081003', '8', '10', '3', 'CCAPI'),
('081004', '8', '10', '4', 'COLCHA'),
('081005', '8', '10', '5', 'HUANOQUITE'),
('081006', '8', '10', '6', 'OMACHA'),
('081007', '8', '10', '7', 'PACCARITAMBO'),
('081008', '8', '10', '8', 'PILLPINTO'),
('081009', '8', '10', '9', 'YAURISQUE'),
('081100', '8', '11', '0', 'PAUCARTAMBO'),
('081101', '8', '11', '1', 'PAUCARTAMBO'),
('081102', '8', '11', '2', 'CAICAY'),
('081103', '8', '11', '3', 'CHALLABAMBA'),
('081104', '8', '11', '4', 'COLQUEPATA'),
('081105', '8', '11', '5', 'HUANCARANI'),
('081106', '8', '11', '6', 'KOSÑIPATA'),
('081200', '8', '12', '0', 'QUISPICANCHI'),
('081201', '8', '12', '1', 'URCOS'),
('081202', '8', '12', '2', 'ANDAHUAYLILLAS'),
('081203', '8', '12', '3', 'CAMANTI'),
('081204', '8', '12', '4', 'CCARHUAYO'),
('081205', '8', '12', '5', 'CCATCA'),
('081206', '8', '12', '6', 'CUSIPATA'),
('081207', '8', '12', '7', 'HUARO'),
('081208', '8', '12', '8', 'LUCRE'),
('081209', '8', '12', '9', 'MARCAPATA'),
('081210', '8', '12', '10', 'OCONGATE'),
('081211', '8', '12', '11', 'OROPESA'),
('081212', '8', '12', '12', 'QUIQUIJANA'),
('081300', '8', '13', '0', 'URUBAMBA'),
('081301', '8', '13', '1', 'URUBAMBA'),
('081302', '8', '13', '2', 'CHINCHERO'),
('081303', '8', '13', '3', 'HUAYLLABAMBA'),
('081304', '8', '13', '4', 'MACHUPICCHU'),
('081305', '8', '13', '5', 'MARAS'),
('081306', '8', '13', '6', 'OLLANTAYTAMBO'),
('081307', '8', '13', '7', 'YUCAY'),
('090000', '9', '0', '0', 'HUANCAVELICA'),
('090100', '9', '1', '0', 'HUANCAVELICA'),
('090101', '9', '1', '1', 'HUANCAVELICA'),
('090102', '9', '1', '2', 'ACOBAMBILLA'),
('090103', '9', '1', '3', 'ACORIA'),
('090104', '9', '1', '4', 'CONAYCA'),
('090105', '9', '1', '5', 'CUENCA'),
('090106', '9', '1', '6', 'HUACHOCOLPA'),
('090107', '9', '1', '7', 'HUAYLLAHUARA'),
('090108', '9', '1', '8', 'IZCUCHACA'),
('090109', '9', '1', '9', 'LARIA'),
('090110', '9', '1', '10', 'MANTA'),
('090111', '9', '1', '11', 'MARISCAL CACERES'),
('090112', '9', '1', '12', 'MOYA'),
('090113', '9', '1', '13', 'NUEVO OCCORO'),
('090114', '9', '1', '14', 'PALCA'),
('090115', '9', '1', '15', 'PILCHACA'),
('090116', '9', '1', '16', 'VILCA'),
('090117', '9', '1', '17', 'YAULI'),
('090118', '9', '1', '18', 'ASCENSION'),
('090119', '9', '1', '19', 'HUANDO'),
('090200', '9', '2', '0', 'ACOBAMBA'),
('090201', '9', '2', '1', 'ACOBAMBA'),
('090202', '9', '2', '2', 'ANDABAMBA'),
('090203', '9', '2', '3', 'ANTA'),
('090204', '9', '2', '4', 'CAJA'),
('090205', '9', '2', '5', 'MARCAS'),
('090206', '9', '2', '6', 'PAUCARA'),
('090207', '9', '2', '7', 'POMACOCHA'),
('090208', '9', '2', '8', 'ROSARIO'),
('090300', '9', '3', '0', 'ANGARAES'),
('090301', '9', '3', '1', 'LIRCAY'),
('090302', '9', '3', '2', 'ANCHONGA'),
('090303', '9', '3', '3', 'CALLANMARCA'),
('090304', '9', '3', '4', 'CCOCHACCASA'),
('090305', '9', '3', '5', 'CHINCHO'),
('090306', '9', '3', '6', 'CONGALLA'),
('090307', '9', '3', '7', 'HUANCA-HUANCA'),
('090308', '9', '3', '8', 'HUAYLLAY GRANDE'),
('090309', '9', '3', '9', 'JULCAMARCA'),
('090310', '9', '3', '10', 'SAN ANTONIO DE ANTAPARCO'),
('090311', '9', '3', '11', 'SANTO TOMAS DE PATA'),
('090312', '9', '3', '12', 'SECCLLA'),
('090400', '9', '4', '0', 'CASTROVIRREYNA'),
('090401', '9', '4', '1', 'CASTROVIRREYNA'),
('090402', '9', '4', '2', 'ARMA'),
('090403', '9', '4', '3', 'AURAHUA'),
('090404', '9', '4', '4', 'CAPILLAS'),
('090405', '9', '4', '5', 'CHUPAMARCA'),
('090406', '9', '4', '6', 'COCAS'),
('090407', '9', '4', '7', 'HUACHOS'),
('090408', '9', '4', '8', 'HUAMATAMBO'),
('090409', '9', '4', '9', 'MOLLEPAMPA'),
('090410', '9', '4', '10', 'SAN JUAN'),
('090411', '9', '4', '11', 'SANTA ANA'),
('090412', '9', '4', '12', 'TANTARA'),
('090413', '9', '4', '13', 'TICRAPO'),
('090500', '9', '5', '0', 'CHURCAMPA'),
('090501', '9', '5', '1', 'CHURCAMPA'),
('090502', '9', '5', '2', 'ANCO'),
('090503', '9', '5', '3', 'CHINCHIHUASI'),
('090504', '9', '5', '4', 'EL CARMEN'),
('090505', '9', '5', '5', 'LA MERCED'),
('090506', '9', '5', '6', 'LOCROJA'),
('090507', '9', '5', '7', 'PAUCARBAMBA'),
('090508', '9', '5', '8', 'SAN MIGUEL DE MAYOCC'),
('090509', '9', '5', '9', 'SAN PEDRO DE CORIS'),
('090510', '9', '5', '10', 'PACHAMARCA'),
('090511', '9', '5', '11', 'COSME'),
('090600', '9', '6', '0', 'HUAYTARA'),
('090601', '9', '6', '1', 'HUAYTARA'),
('090602', '9', '6', '2', 'AYAVI'),
('090603', '9', '6', '3', 'CORDOVA'),
('090604', '9', '6', '4', 'HUAYACUNDO ARMA'),
('090605', '9', '6', '5', 'LARAMARCA'),
('090606', '9', '6', '6', 'OCOYO'),
('090607', '9', '6', '7', 'PILPICHACA'),
('090608', '9', '6', '8', 'QUERCO'),
('090609', '9', '6', '9', 'QUITO-ARMA'),
('090610', '9', '6', '10', 'SAN ANTONIO DE CUSICANCHA'),
('090611', '9', '6', '11', 'SAN FRANCISCO DE SANGAYAICO'),
('090612', '9', '6', '12', 'SAN ISIDRO'),
('090613', '9', '6', '13', 'SANTIAGO DE CHOCORVOS'),
('090614', '9', '6', '14', 'SANTIAGO DE QUIRAHUARA'),
('090615', '9', '6', '15', 'SANTO DOMINGO DE CAPILLAS'),
('090616', '9', '6', '16', 'TAMBO'),
('090700', '9', '7', '0', 'TAYACAJA'),
('090701', '9', '7', '1', 'PAMPAS'),
('090702', '9', '7', '2', 'ACOSTAMBO'),
('090703', '9', '7', '3', 'ACRAQUIA'),
('090704', '9', '7', '4', 'AHUAYCHA'),
('090705', '9', '7', '5', 'COLCABAMBA'),
('090706', '9', '7', '6', 'DANIEL HERNANDEZ'),
('090707', '9', '7', '7', 'HUACHOCOLPA'),
('090709', '9', '7', '9', 'HUARIBAMBA'),
('090710', '9', '7', '10', 'ÑAHUIMPUQUIO'),
('090711', '9', '7', '11', 'PAZOS'),
('090713', '9', '7', '13', 'QUISHUAR'),
('090714', '9', '7', '14', 'SALCABAMBA'),
('090715', '9', '7', '15', 'SALCAHUASI'),
('090716', '9', '7', '16', 'SAN MARCOS DE ROCCHAC'),
('090717', '9', '7', '17', 'SURCUBAMBA'),
('090718', '9', '7', '18', 'TINTAY PUNCU'),
('100000', '10', '0', '0', 'HUANUCO'),
('100100', '10', '1', '0', 'HUANUCO'),
('100101', '10', '1', '1', 'HUANUCO'),
('100102', '10', '1', '2', 'AMARILIS'),
('100103', '10', '1', '3', 'CHINCHAO'),
('100104', '10', '1', '4', 'CHURUBAMBA'),
('100105', '10', '1', '5', 'MARGOS'),
('100106', '10', '1', '6', 'QUISQUI (KICHKI)'),
('100107', '10', '1', '7', 'SAN FRANCISCO DE CAYRAN'),
('100108', '10', '1', '8', 'SAN PEDRO DE CHAULAN'),
('100109', '10', '1', '9', 'SANTA MARIA DEL VALLE'),
('100110', '10', '1', '10', 'YARUMAYO'),
('100111', '10', '1', '11', 'PILLCO MARCA'),
('100112', '10', '1', '12', 'YACUS'),
('100200', '10', '2', '0', 'AMBO'),
('100201', '10', '2', '1', 'AMBO'),
('100202', '10', '2', '2', 'CAYNA'),
('100203', '10', '2', '3', 'COLPAS'),
('100204', '10', '2', '4', 'CONCHAMARCA'),
('100205', '10', '2', '5', 'HUACAR'),
('100206', '10', '2', '6', 'SAN FRANCISCO'),
('100207', '10', '2', '7', 'SAN RAFAEL'),
('100208', '10', '2', '8', 'TOMAY KICHWA'),
('100300', '10', '3', '0', 'DOS DE MAYO'),
('100301', '10', '3', '1', 'LA UNION'),
('100307', '10', '3', '7', 'CHUQUIS'),
('100311', '10', '3', '11', 'MARIAS'),
('100313', '10', '3', '13', 'PACHAS'),
('100316', '10', '3', '16', 'QUIVILLA'),
('100317', '10', '3', '17', 'RIPAN'),
('100321', '10', '3', '21', 'SHUNQUI'),
('100322', '10', '3', '22', 'SILLAPATA'),
('100323', '10', '3', '23', 'YANAS'),
('100400', '10', '4', '0', 'HUACAYBAMBA'),
('100401', '10', '4', '1', 'HUACAYBAMBA'),
('100402', '10', '4', '2', 'CANCHABAMBA'),
('100403', '10', '4', '3', 'COCHABAMBA'),
('100404', '10', '4', '4', 'PINRA'),
('100500', '10', '5', '0', 'HUAMALIES'),
('100501', '10', '5', '1', 'LLATA'),
('100502', '10', '5', '2', 'ARANCAY'),
('100503', '10', '5', '3', 'CHAVIN DE PARIARCA'),
('100504', '10', '5', '4', 'JACAS GRANDE'),
('100505', '10', '5', '5', 'JIRCAN'),
('100506', '10', '5', '6', 'MIRAFLORES'),
('100507', '10', '5', '7', 'MONZON'),
('100508', '10', '5', '8', 'PUNCHAO'),
('100509', '10', '5', '9', 'PUÑOS'),
('100510', '10', '5', '10', 'SINGA'),
('100511', '10', '5', '11', 'TANTAMAYO'),
('100600', '10', '6', '0', 'LEONCIO PRADO'),
('100601', '10', '6', '1', 'RUPA-RUPA'),
('100602', '10', '6', '2', 'DANIEL ALOMIA ROBLES'),
('100603', '10', '6', '3', 'HERMILIO VALDIZAN'),
('100604', '10', '6', '4', 'JOSE CRESPO Y CASTILLO'),
('100605', '10', '6', '5', 'LUYANDO'),
('100606', '10', '6', '6', 'MARIANO DAMASO BERAUN'),
('100700', '10', '7', '0', 'MARAÑON'),
('100701', '10', '7', '1', 'HUACRACHUCO'),
('100702', '10', '7', '2', 'CHOLON'),
('100703', '10', '7', '3', 'SAN BUENAVENTURA'),
('100800', '10', '8', '0', 'PACHITEA'),
('100801', '10', '8', '1', 'PANAO'),
('100802', '10', '8', '2', 'CHAGLLA'),
('100803', '10', '8', '3', 'MOLINO'),
('100804', '10', '8', '4', 'UMARI'),
('100900', '10', '9', '0', 'PUERTO INCA'),
('100901', '10', '9', '1', 'PUERTO INCA'),
('100902', '10', '9', '2', 'CODO DEL POZUZO'),
('100903', '10', '9', '3', 'HONORIA'),
('100904', '10', '9', '4', 'TOURNAVISTA'),
('100905', '10', '9', '5', 'YUYAPICHIS'),
('101000', '10', '10', '0', 'LAURICOCHA'),
('101001', '10', '10', '1', 'JESUS'),
('101002', '10', '10', '2', 'BAÑOS'),
('101003', '10', '10', '3', 'JIVIA'),
('101004', '10', '10', '4', 'QUEROPALCA'),
('101005', '10', '10', '5', 'RONDOS'),
('101006', '10', '10', '6', 'SAN FRANCISCO DE ASIS'),
('101007', '10', '10', '7', 'SAN MIGUEL DE CAURI'),
('101100', '10', '11', '0', 'YAROWILCA'),
('101101', '10', '11', '1', 'CHAVINILLO'),
('101102', '10', '11', '2', 'CAHUAC'),
('101103', '10', '11', '3', 'CHACABAMBA'),
('101104', '10', '11', '4', 'APARICIO POMARES'),
('101105', '10', '11', '5', 'JACAS CHICO'),
('101106', '10', '11', '6', 'OBAS'),
('101107', '10', '11', '7', 'PAMPAMARCA'),
('101108', '10', '11', '8', 'CHORAS'),
('110000', '11', '0', '0', 'ICA'),
('110100', '11', '1', '0', 'ICA'),
('110101', '11', '1', '1', 'ICA'),
('110102', '11', '1', '2', 'LA TINGUIÑA'),
('110103', '11', '1', '3', 'LOS AQUIJES'),
('110104', '11', '1', '4', 'OCUCAJE'),
('110105', '11', '1', '5', 'PACHACUTEC'),
('110106', '11', '1', '6', 'PARCONA'),
('110107', '11', '1', '7', 'PUEBLO NUEVO'),
('110108', '11', '1', '8', 'SALAS'),
('110109', '11', '1', '9', 'SAN JOSE DE LOS MOLINOS'),
('110110', '11', '1', '10', 'SAN JUAN BAUTISTA'),
('110111', '11', '1', '11', 'SANTIAGO'),
('110112', '11', '1', '12', 'SUBTANJALLA'),
('110113', '11', '1', '13', 'TATE'),
('110114', '11', '1', '14', 'YAUCA DEL ROSARIO'),
('110200', '11', '2', '0', 'CHINCHA'),
('110201', '11', '2', '1', 'CHINCHA ALTA'),
('110202', '11', '2', '2', 'ALTO LARAN'),
('110203', '11', '2', '3', 'CHAVIN'),
('110204', '11', '2', '4', 'CHINCHA BAJA'),
('110205', '11', '2', '5', 'EL CARMEN'),
('110206', '11', '2', '6', 'GROCIO PRADO'),
('110207', '11', '2', '7', 'PUEBLO NUEVO'),
('110208', '11', '2', '8', 'SAN JUAN DE YANAC'),
('110209', '11', '2', '9', 'SAN PEDRO DE HUACARPANA'),
('110210', '11', '2', '10', 'SUNAMPE'),
('110211', '11', '2', '11', 'TAMBO DE MORA'),
('110300', '11', '3', '0', 'NAZCA'),
('110301', '11', '3', '1', 'NAZCA'),
('110302', '11', '3', '2', 'CHANGUILLO'),
('110303', '11', '3', '3', 'EL INGENIO'),
('110304', '11', '3', '4', 'MARCONA'),
('110305', '11', '3', '5', 'VISTA ALEGRE'),
('110400', '11', '4', '0', 'PALPA'),
('110401', '11', '4', '1', 'PALPA'),
('110402', '11', '4', '2', 'LLIPATA'),
('110403', '11', '4', '3', 'RIO GRANDE'),
('110404', '11', '4', '4', 'SANTA CRUZ'),
('110405', '11', '4', '5', 'TIBILLO'),
('110500', '11', '5', '0', 'PISCO'),
('110501', '11', '5', '1', 'PISCO'),
('110502', '11', '5', '2', 'HUANCANO'),
('110503', '11', '5', '3', 'HUMAY'),
('110504', '11', '5', '4', 'INDEPENDENCIA'),
('110505', '11', '5', '5', 'PARACAS'),
('110506', '11', '5', '6', 'SAN ANDRES'),
('110507', '11', '5', '7', 'SAN CLEMENTE'),
('110508', '11', '5', '8', 'TUPAC AMARU INCA'),
('120000', '12', '0', '0', 'JUNIN'),
('120100', '12', '1', '0', 'HUANCAYO'),
('120101', '12', '1', '1', 'HUANCAYO'),
('120104', '12', '1', '4', 'CARHUACALLANGA'),
('120105', '12', '1', '5', 'CHACAPAMPA'),
('120106', '12', '1', '6', 'CHICCHE'),
('120107', '12', '1', '7', 'CHILCA'),
('120108', '12', '1', '8', 'CHONGOS ALTO'),
('120111', '12', '1', '11', 'CHUPURO'),
('120112', '12', '1', '12', 'COLCA'),
('120113', '12', '1', '13', 'CULLHUAS'),
('120114', '12', '1', '14', 'EL TAMBO'),
('120116', '12', '1', '16', 'HUACRAPUQUIO'),
('120117', '12', '1', '17', 'HUALHUAS'),
('120119', '12', '1', '19', 'HUANCAN'),
('120120', '12', '1', '20', 'HUASICANCHA'),
('120121', '12', '1', '21', 'HUAYUCACHI'),
('120122', '12', '1', '22', 'INGENIO'),
('120124', '12', '1', '24', 'PARIAHUANCA'),
('120125', '12', '1', '25', 'PILCOMAYO'),
('120126', '12', '1', '26', 'PUCARA'),
('120127', '12', '1', '27', 'QUICHUAY'),
('120128', '12', '1', '28', 'QUILCAS'),
('120129', '12', '1', '29', 'SAN AGUSTIN'),
('120130', '12', '1', '30', 'SAN JERONIMO DE TUNAN'),
('120132', '12', '1', '32', 'SAÑO'),
('120133', '12', '1', '33', 'SAPALLANGA'),
('120134', '12', '1', '34', 'SICAYA'),
('120135', '12', '1', '35', 'SANTO DOMINGO DE ACOBAMBA'),
('120136', '12', '1', '36', 'VIQUES'),
('120200', '12', '2', '0', 'CONCEPCION'),
('120201', '12', '2', '1', 'CONCEPCION'),
('120202', '12', '2', '2', 'ACO'),
('120203', '12', '2', '3', 'ANDAMARCA'),
('120204', '12', '2', '4', 'CHAMBARA'),
('120205', '12', '2', '5', 'COCHAS'),
('120206', '12', '2', '6', 'COMAS'),
('120207', '12', '2', '7', 'HEROINAS TOLEDO'),
('120208', '12', '2', '8', 'MANZANARES'),
('120209', '12', '2', '9', 'MARISCAL CASTILLA'),
('120210', '12', '2', '10', 'MATAHUASI'),
('120211', '12', '2', '11', 'MITO'),
('120212', '12', '2', '12', 'NUEVE DE JULIO'),
('120213', '12', '2', '13', 'ORCOTUNA'),
('120214', '12', '2', '14', 'SAN JOSE DE QUERO'),
('120215', '12', '2', '15', 'SANTA ROSA DE OCOPA'),
('120300', '12', '3', '0', 'CHANCHAMAYO'),
('120301', '12', '3', '1', 'CHANCHAMAYO'),
('120302', '12', '3', '2', 'PERENE'),
('120303', '12', '3', '3', 'PICHANAQUI'),
('120304', '12', '3', '4', 'SAN LUIS DE SHUARO'),
('120305', '12', '3', '5', 'SAN RAMON'),
('120306', '12', '3', '6', 'VITOC'),
('120400', '12', '4', '0', 'JAUJA'),
('120401', '12', '4', '1', 'JAUJA'),
('120402', '12', '4', '2', 'ACOLLA'),
('120403', '12', '4', '3', 'APATA'),
('120404', '12', '4', '4', 'ATAURA'),
('120405', '12', '4', '5', 'CANCHAYLLO'),
('120406', '12', '4', '6', 'CURICACA'),
('120407', '12', '4', '7', 'EL MANTARO'),
('120408', '12', '4', '8', 'HUAMALI'),
('120409', '12', '4', '9', 'HUARIPAMPA'),
('120410', '12', '4', '10', 'HUERTAS'),
('120411', '12', '4', '11', 'JANJAILLO'),
('120412', '12', '4', '12', 'JULCAN'),
('120413', '12', '4', '13', 'LEONOR ORDOÑEZ'),
('120414', '12', '4', '14', 'LLOCLLAPAMPA'),
('120415', '12', '4', '15', 'MARCO'),
('120416', '12', '4', '16', 'MASMA'),
('120417', '12', '4', '17', 'MASMA CHICCHE'),
('120418', '12', '4', '18', 'MOLINOS'),
('120419', '12', '4', '19', 'MONOBAMBA'),
('120420', '12', '4', '20', 'MUQUI'),
('120421', '12', '4', '21', 'MUQUIYAUYO'),
('120422', '12', '4', '22', 'PACA'),
('120423', '12', '4', '23', 'PACCHA'),
('120424', '12', '4', '24', 'PANCAN'),
('120425', '12', '4', '25', 'PARCO'),
('120426', '12', '4', '26', 'POMACANCHA'),
('120427', '12', '4', '27', 'RICRAN'),
('120428', '12', '4', '28', 'SAN LORENZO'),
('120429', '12', '4', '29', 'SAN PEDRO DE CHUNAN'),
('120430', '12', '4', '30', 'SAUSA'),
('120431', '12', '4', '31', 'SINCOS'),
('120432', '12', '4', '32', 'TUNAN MARCA'),
('120433', '12', '4', '33', 'YAULI'),
('120434', '12', '4', '34', 'YAUYOS'),
('120500', '12', '5', '0', 'JUNIN'),
('120501', '12', '5', '1', 'JUNIN'),
('120502', '12', '5', '2', 'CARHUAMAYO'),
('120503', '12', '5', '3', 'ONDORES'),
('120504', '12', '5', '4', 'ULCUMAYO'),
('120600', '12', '6', '0', 'SATIPO'),
('120601', '12', '6', '1', 'SATIPO'),
('120602', '12', '6', '2', 'COVIRIALI'),
('120603', '12', '6', '3', 'LLAYLLA'),
('120605', '12', '6', '5', 'PAMPA HERMOSA'),
('120607', '12', '6', '7', 'RIO NEGRO'),
('120608', '12', '6', '8', 'RIO TAMBO'),
('120699', '12', '6', '99', 'MAZAMARI - PANGOA'),
('120700', '12', '7', '0', 'TARMA'),
('120701', '12', '7', '1', 'TARMA'),
('120702', '12', '7', '2', 'ACOBAMBA'),
('120703', '12', '7', '3', 'HUARICOLCA'),
('120704', '12', '7', '4', 'HUASAHUASI'),
('120705', '12', '7', '5', 'LA UNION'),
('120706', '12', '7', '6', 'PALCA'),
('120707', '12', '7', '7', 'PALCAMAYO'),
('120708', '12', '7', '8', 'SAN PEDRO DE CAJAS'),
('120709', '12', '7', '9', 'TAPO'),
('120800', '12', '8', '0', 'YAULI'),
('120801', '12', '8', '1', 'LA OROYA'),
('120802', '12', '8', '2', 'CHACAPALPA'),
('120803', '12', '8', '3', 'HUAY-HUAY'),
('120804', '12', '8', '4', 'MARCAPOMACOCHA'),
('120805', '12', '8', '5', 'MOROCOCHA'),
('120806', '12', '8', '6', 'PACCHA'),
('120807', '12', '8', '7', 'SANTA BARBARA DE CARHUACAYAN'),
('120808', '12', '8', '8', 'SANTA ROSA DE SACCO'),
('120809', '12', '8', '9', 'SUITUCANCHA'),
('120810', '12', '8', '10', 'YAULI'),
('120900', '12', '9', '0', 'CHUPACA'),
('120901', '12', '9', '1', 'CHUPACA'),
('120902', '12', '9', '2', 'AHUAC'),
('120903', '12', '9', '3', 'CHONGOS BAJO'),
('120904', '12', '9', '4', 'HUACHAC'),
('120905', '12', '9', '5', 'HUAMANCACA CHICO'),
('120906', '12', '9', '6', 'SAN JUAN DE ISCOS'),
('120907', '12', '9', '7', 'SAN JUAN DE JARPA'),
('120908', '12', '9', '8', 'TRES DE DICIEMBRE'),
('120909', '12', '9', '9', 'YANACANCHA'),
('130000', '13', '0', '0', 'LA LIBERTAD'),
('130100', '13', '1', '0', 'TRUJILLO'),
('130101', '13', '1', '1', 'TRUJILLO'),
('130102', '13', '1', '2', 'EL PORVENIR'),
('130103', '13', '1', '3', 'FLORENCIA DE MORA'),
('130104', '13', '1', '4', 'HUANCHACO'),
('130105', '13', '1', '5', 'LA ESPERANZA'),
('130106', '13', '1', '6', 'LAREDO'),
('130107', '13', '1', '7', 'MOCHE'),
('130108', '13', '1', '8', 'POROTO'),
('130109', '13', '1', '9', 'SALAVERRY'),
('130110', '13', '1', '10', 'SIMBAL'),
('130111', '13', '1', '11', 'VICTOR LARCO HERRERA'),
('130200', '13', '2', '0', 'ASCOPE'),
('130201', '13', '2', '1', 'ASCOPE'),
('130202', '13', '2', '2', 'CHICAMA'),
('130203', '13', '2', '3', 'CHOCOPE'),
('130204', '13', '2', '4', 'MAGDALENA DE CAO'),
('130205', '13', '2', '5', 'PAIJAN'),
('130206', '13', '2', '6', 'RAZURI'),
('130207', '13', '2', '7', 'SANTIAGO DE CAO'),
('130208', '13', '2', '8', 'CASA GRANDE'),
('130300', '13', '3', '0', 'BOLIVAR'),
('130301', '13', '3', '1', 'BOLIVAR'),
('130302', '13', '3', '2', 'BAMBAMARCA'),
('130303', '13', '3', '3', 'CONDORMARCA'),
('130304', '13', '3', '4', 'LONGOTEA'),
('130305', '13', '3', '5', 'UCHUMARCA'),
('130306', '13', '3', '6', 'UCUNCHA'),
('130400', '13', '4', '0', 'CHEPEN'),
('130401', '13', '4', '1', 'CHEPEN'),
('130402', '13', '4', '2', 'PACANGA'),
('130403', '13', '4', '3', 'PUEBLO NUEVO'),
('130500', '13', '5', '0', 'JULCAN'),
('130501', '13', '5', '1', 'JULCAN');
INSERT INTO `ubigeo` (`idubigeo`, `coddpto`, `codprov`, `coddist`, `nombre`) VALUES
('130502', '13', '5', '2', 'CALAMARCA'),
('130503', '13', '5', '3', 'CARABAMBA'),
('130504', '13', '5', '4', 'HUASO'),
('130600', '13', '6', '0', 'OTUZCO'),
('130601', '13', '6', '1', 'OTUZCO'),
('130602', '13', '6', '2', 'AGALLPAMPA'),
('130604', '13', '6', '4', 'CHARAT'),
('130605', '13', '6', '5', 'HUARANCHAL'),
('130606', '13', '6', '6', 'LA CUESTA'),
('130608', '13', '6', '8', 'MACHE'),
('130610', '13', '6', '10', 'PARANDAY'),
('130611', '13', '6', '11', 'SALPO'),
('130613', '13', '6', '13', 'SINSICAP'),
('130614', '13', '6', '14', 'USQUIL'),
('130700', '13', '7', '0', 'PACASMAYO'),
('130701', '13', '7', '1', 'SAN PEDRO DE LLOC'),
('130702', '13', '7', '2', 'GUADALUPE'),
('130703', '13', '7', '3', 'JEQUETEPEQUE'),
('130704', '13', '7', '4', 'PACASMAYO'),
('130705', '13', '7', '5', 'SAN JOSE'),
('130800', '13', '8', '0', 'PATAZ'),
('130801', '13', '8', '1', 'TAYABAMBA'),
('130802', '13', '8', '2', 'BULDIBUYO'),
('130803', '13', '8', '3', 'CHILLIA'),
('130804', '13', '8', '4', 'HUANCASPATA'),
('130805', '13', '8', '5', 'HUAYLILLAS'),
('130806', '13', '8', '6', 'HUAYO'),
('130807', '13', '8', '7', 'ONGON'),
('130808', '13', '8', '8', 'PARCOY'),
('130809', '13', '8', '9', 'PATAZ'),
('130810', '13', '8', '10', 'PIAS'),
('130811', '13', '8', '11', 'SANTIAGO DE CHALLAS'),
('130812', '13', '8', '12', 'TAURIJA'),
('130813', '13', '8', '13', 'URPAY'),
('130900', '13', '9', '0', 'SANCHEZ CARRION'),
('130901', '13', '9', '1', 'HUAMACHUCO'),
('130902', '13', '9', '2', 'CHUGAY'),
('130903', '13', '9', '3', 'COCHORCO'),
('130904', '13', '9', '4', 'CURGOS'),
('130905', '13', '9', '5', 'MARCABAL'),
('130906', '13', '9', '6', 'SANAGORAN'),
('130907', '13', '9', '7', 'SARIN'),
('130908', '13', '9', '8', 'SARTIMBAMBA'),
('131000', '13', '10', '0', 'SANTIAGO DE CHUCO'),
('131001', '13', '10', '1', 'SANTIAGO DE CHUCO'),
('131002', '13', '10', '2', 'ANGASMARCA'),
('131003', '13', '10', '3', 'CACHICADAN'),
('131004', '13', '10', '4', 'MOLLEBAMBA'),
('131005', '13', '10', '5', 'MOLLEPATA'),
('131006', '13', '10', '6', 'QUIRUVILCA'),
('131007', '13', '10', '7', 'SANTA CRUZ DE CHUCA'),
('131008', '13', '10', '8', 'SITABAMBA'),
('131100', '13', '11', '0', 'GRAN CHIMU'),
('131101', '13', '11', '1', 'CASCAS'),
('131102', '13', '11', '2', 'LUCMA'),
('131103', '13', '11', '3', 'MARMOT'),
('131104', '13', '11', '4', 'SAYAPULLO'),
('131200', '13', '12', '0', 'VIRU'),
('131201', '13', '12', '1', 'VIRU'),
('131202', '13', '12', '2', 'CHAO'),
('131203', '13', '12', '3', 'GUADALUPITO'),
('140000', '14', '0', '0', 'LAMBAYEQUE'),
('140100', '14', '1', '0', 'CHICLAYO'),
('140101', '14', '1', '1', 'CHICLAYO'),
('140102', '14', '1', '2', 'CHONGOYAPE'),
('140103', '14', '1', '3', 'ETEN'),
('140104', '14', '1', '4', 'ETEN PUERTO'),
('140105', '14', '1', '5', 'JOSE LEONARDO ORTIZ'),
('140106', '14', '1', '6', 'LA VICTORIA'),
('140107', '14', '1', '7', 'LAGUNAS'),
('140108', '14', '1', '8', 'MONSEFU'),
('140109', '14', '1', '9', 'NUEVA ARICA'),
('140110', '14', '1', '10', 'OYOTUN'),
('140111', '14', '1', '11', 'PICSI'),
('140112', '14', '1', '12', 'PIMENTEL'),
('140113', '14', '1', '13', 'REQUE'),
('140114', '14', '1', '14', 'SANTA ROSA'),
('140115', '14', '1', '15', 'SAÑA'),
('140116', '14', '1', '16', 'CAYALTI'),
('140117', '14', '1', '17', 'PATAPO'),
('140118', '14', '1', '18', 'POMALCA'),
('140119', '14', '1', '19', 'PUCALA'),
('140120', '14', '1', '20', 'TUMAN'),
('140200', '14', '2', '0', 'FERREÑAFE'),
('140201', '14', '2', '1', 'FERREÑAFE'),
('140202', '14', '2', '2', 'CAÑARIS'),
('140203', '14', '2', '3', 'INCAHUASI'),
('140204', '14', '2', '4', 'MANUEL ANTONIO MESONES MURO'),
('140205', '14', '2', '5', 'PITIPO'),
('140206', '14', '2', '6', 'PUEBLO NUEVO'),
('140300', '14', '3', '0', 'LAMBAYEQUE'),
('140301', '14', '3', '1', 'LAMBAYEQUE'),
('140302', '14', '3', '2', 'CHOCHOPE'),
('140303', '14', '3', '3', 'ILLIMO'),
('140304', '14', '3', '4', 'JAYANCA'),
('140305', '14', '3', '5', 'MOCHUMI'),
('140306', '14', '3', '6', 'MORROPE'),
('140307', '14', '3', '7', 'MOTUPE'),
('140308', '14', '3', '8', 'OLMOS'),
('140309', '14', '3', '9', 'PACORA'),
('140310', '14', '3', '10', 'SALAS'),
('140311', '14', '3', '11', 'SAN JOSE'),
('140312', '14', '3', '12', 'TUCUME'),
('150000', '15', '0', '0', 'LIMA'),
('150100', '15', '1', '0', 'LIMA'),
('150101', '15', '1', '1', 'LIMA'),
('150102', '15', '1', '2', 'ANCON'),
('150103', '15', '1', '3', 'ATE'),
('150104', '15', '1', '4', 'BARRANCO'),
('150105', '15', '1', '5', 'BREÑA'),
('150106', '15', '1', '6', 'CARABAYLLO'),
('150107', '15', '1', '7', 'CHACLACAYO'),
('150108', '15', '1', '8', 'CHORRILLOS'),
('150109', '15', '1', '9', 'CIENEGUILLA'),
('150110', '15', '1', '10', 'COMAS'),
('150111', '15', '1', '11', 'EL AGUSTINO'),
('150112', '15', '1', '12', 'INDEPENDENCIA'),
('150113', '15', '1', '13', 'JESUS MARIA'),
('150114', '15', '1', '14', 'LA MOLINA'),
('150115', '15', '1', '15', 'LA VICTORIA'),
('150116', '15', '1', '16', 'LINCE'),
('150117', '15', '1', '17', 'LOS OLIVOS'),
('150118', '15', '1', '18', 'LURIGANCHO'),
('150119', '15', '1', '19', 'LURIN'),
('150120', '15', '1', '20', 'MAGDALENA DEL MAR'),
('150121', '15', '1', '21', 'PUEBLO LIBRE'),
('150122', '15', '1', '22', 'MIRAFLORES'),
('150123', '15', '1', '23', 'PACHACAMAC'),
('150124', '15', '1', '24', 'PUCUSANA'),
('150125', '15', '1', '25', 'PUENTE PIEDRA'),
('150126', '15', '1', '26', 'PUNTA HERMOSA'),
('150127', '15', '1', '27', 'PUNTA NEGRA'),
('150128', '15', '1', '28', 'RIMAC'),
('150129', '15', '1', '29', 'SAN BARTOLO'),
('150130', '15', '1', '30', 'SAN BORJA'),
('150131', '15', '1', '31', 'SAN ISIDRO'),
('150132', '15', '1', '32', 'SAN JUAN DE LURIGANCHO'),
('150133', '15', '1', '33', 'SAN JUAN DE MIRAFLORES'),
('150134', '15', '1', '34', 'SAN LUIS'),
('150135', '15', '1', '35', 'SAN MARTIN DE PORRES'),
('150136', '15', '1', '36', 'SAN MIGUEL'),
('150137', '15', '1', '37', 'SANTA ANITA'),
('150138', '15', '1', '38', 'SANTA MARIA DEL MAR'),
('150139', '15', '1', '39', 'SANTA ROSA'),
('150140', '15', '1', '40', 'SANTIAGO DE SURCO'),
('150141', '15', '1', '41', 'SURQUILLO'),
('150142', '15', '1', '42', 'VILLA EL SALVADOR'),
('150143', '15', '1', '43', 'VILLA MARIA DEL TRIUNFO'),
('150200', '15', '2', '0', 'BARRANCA'),
('150201', '15', '2', '1', 'BARRANCA'),
('150202', '15', '2', '2', 'PARAMONGA'),
('150203', '15', '2', '3', 'PATIVILCA'),
('150204', '15', '2', '4', 'SUPE'),
('150205', '15', '2', '5', 'SUPE PUERTO'),
('150300', '15', '3', '0', 'CAJATAMBO'),
('150301', '15', '3', '1', 'CAJATAMBO'),
('150302', '15', '3', '2', 'COPA'),
('150303', '15', '3', '3', 'GORGOR'),
('150304', '15', '3', '4', 'HUANCAPON'),
('150305', '15', '3', '5', 'MANAS'),
('150400', '15', '4', '0', 'CANTA'),
('150401', '15', '4', '1', 'CANTA'),
('150402', '15', '4', '2', 'ARAHUAY'),
('150403', '15', '4', '3', 'HUAMANTANGA'),
('150404', '15', '4', '4', 'HUAROS'),
('150405', '15', '4', '5', 'LACHAQUI'),
('150406', '15', '4', '6', 'SAN BUENAVENTURA'),
('150407', '15', '4', '7', 'SANTA ROSA DE QUIVES'),
('150500', '15', '5', '0', 'CAÑETE'),
('150501', '15', '5', '1', 'SAN VICENTE DE CAÑETE'),
('150502', '15', '5', '2', 'ASIA'),
('150503', '15', '5', '3', 'CALANGO'),
('150504', '15', '5', '4', 'CERRO AZUL'),
('150505', '15', '5', '5', 'CHILCA'),
('150506', '15', '5', '6', 'COAYLLO'),
('150507', '15', '5', '7', 'IMPERIAL'),
('150508', '15', '5', '8', 'LUNAHUANA'),
('150509', '15', '5', '9', 'MALA'),
('150510', '15', '5', '10', 'NUEVO IMPERIAL'),
('150511', '15', '5', '11', 'PACARAN'),
('150512', '15', '5', '12', 'QUILMANA'),
('150513', '15', '5', '13', 'SAN ANTONIO'),
('150514', '15', '5', '14', 'SAN LUIS'),
('150515', '15', '5', '15', 'SANTA CRUZ DE FLORES'),
('150516', '15', '5', '16', 'ZUÑIGA'),
('150600', '15', '6', '0', 'HUARAL'),
('150601', '15', '6', '1', 'HUARAL'),
('150602', '15', '6', '2', 'ATAVILLOS ALTO'),
('150603', '15', '6', '3', 'ATAVILLOS BAJO'),
('150604', '15', '6', '4', 'AUCALLAMA'),
('150605', '15', '6', '5', 'CHANCAY'),
('150606', '15', '6', '6', 'IHUARI'),
('150607', '15', '6', '7', 'LAMPIAN'),
('150608', '15', '6', '8', 'PACARAOS'),
('150609', '15', '6', '9', 'SAN MIGUEL DE ACOS'),
('150610', '15', '6', '10', 'SANTA CRUZ DE ANDAMARCA'),
('150611', '15', '6', '11', 'SUMBILCA'),
('150612', '15', '6', '12', 'VEINTISIETE DE NOVIEMBRE'),
('150700', '15', '7', '0', 'HUAROCHIRI'),
('150701', '15', '7', '1', 'MATUCANA'),
('150702', '15', '7', '2', 'ANTIOQUIA'),
('150703', '15', '7', '3', 'CALLAHUANCA'),
('150704', '15', '7', '4', 'CARAMPOMA'),
('150705', '15', '7', '5', 'CHICLA'),
('150706', '15', '7', '6', 'CUENCA'),
('150707', '15', '7', '7', 'HUACHUPAMPA'),
('150708', '15', '7', '8', 'HUANZA'),
('150709', '15', '7', '9', 'HUAROCHIRI'),
('150710', '15', '7', '10', 'LAHUAYTAMBO'),
('150711', '15', '7', '11', 'LANGA'),
('150712', '15', '7', '12', 'LARAOS'),
('150713', '15', '7', '13', 'MARIATANA'),
('150714', '15', '7', '14', 'RICARDO PALMA'),
('150715', '15', '7', '15', 'SAN ANDRES DE TUPICOCHA'),
('150716', '15', '7', '16', 'SAN ANTONIO'),
('150717', '15', '7', '17', 'SAN BARTOLOME'),
('150718', '15', '7', '18', 'SAN DAMIAN'),
('150719', '15', '7', '19', 'SAN JUAN DE IRIS'),
('150720', '15', '7', '20', 'SAN JUAN DE TANTARANCHE'),
('150721', '15', '7', '21', 'SAN LORENZO DE QUINTI'),
('150722', '15', '7', '22', 'SAN MATEO'),
('150723', '15', '7', '23', 'SAN MATEO DE OTAO'),
('150724', '15', '7', '24', 'SAN PEDRO DE CASTA'),
('150725', '15', '7', '25', 'SAN PEDRO DE HUANCAYRE'),
('150726', '15', '7', '26', 'SANGALLAYA'),
('150727', '15', '7', '27', 'SANTA CRUZ DE COCACHACRA'),
('150728', '15', '7', '28', 'SANTA EULALIA'),
('150729', '15', '7', '29', 'SANTIAGO DE ANCHUCAYA'),
('150730', '15', '7', '30', 'SANTIAGO DE TUNA'),
('150731', '15', '7', '31', 'SANTO DOMINGO DE LOS OLLEROS'),
('150732', '15', '7', '32', 'SURCO'),
('150800', '15', '8', '0', 'HUAURA'),
('150801', '15', '8', '1', 'HUACHO'),
('150802', '15', '8', '2', 'AMBAR'),
('150803', '15', '8', '3', 'CALETA DE CARQUIN'),
('150804', '15', '8', '4', 'CHECRAS'),
('150805', '15', '8', '5', 'HUALMAY'),
('150806', '15', '8', '6', 'HUAURA'),
('150807', '15', '8', '7', 'LEONCIO PRADO'),
('150808', '15', '8', '8', 'PACCHO'),
('150809', '15', '8', '9', 'SANTA LEONOR'),
('150810', '15', '8', '10', 'SANTA MARIA'),
('150811', '15', '8', '11', 'SAYAN'),
('150812', '15', '8', '12', 'VEGUETA'),
('150900', '15', '9', '0', 'OYON'),
('150901', '15', '9', '1', 'OYON'),
('150902', '15', '9', '2', 'ANDAJES'),
('150903', '15', '9', '3', 'CAUJUL'),
('150904', '15', '9', '4', 'COCHAMARCA'),
('150905', '15', '9', '5', 'NAVAN'),
('150906', '15', '9', '6', 'PACHANGARA'),
('151000', '15', '10', '0', 'YAUYOS'),
('151001', '15', '10', '1', 'YAUYOS'),
('151002', '15', '10', '2', 'ALIS'),
('151003', '15', '10', '3', 'ALLAUCA'),
('151004', '15', '10', '4', 'AYAVIRI'),
('151005', '15', '10', '5', 'AZANGARO'),
('151006', '15', '10', '6', 'CACRA'),
('151007', '15', '10', '7', 'CARANIA'),
('151008', '15', '10', '8', 'CATAHUASI'),
('151009', '15', '10', '9', 'CHOCOS'),
('151010', '15', '10', '10', 'COCHAS'),
('151011', '15', '10', '11', 'COLONIA'),
('151012', '15', '10', '12', 'HONGOS'),
('151013', '15', '10', '13', 'HUAMPARA'),
('151014', '15', '10', '14', 'HUANCAYA'),
('151015', '15', '10', '15', 'HUANGASCAR'),
('151016', '15', '10', '16', 'HUANTAN'),
('151017', '15', '10', '17', 'HUAÑEC'),
('151018', '15', '10', '18', 'LARAOS'),
('151019', '15', '10', '19', 'LINCHA'),
('151020', '15', '10', '20', 'MADEAN'),
('151021', '15', '10', '21', 'MIRAFLORES'),
('151022', '15', '10', '22', 'OMAS'),
('151023', '15', '10', '23', 'PUTINZA'),
('151024', '15', '10', '24', 'QUINCHES'),
('151025', '15', '10', '25', 'QUINOCAY'),
('151026', '15', '10', '26', 'SAN JOAQUIN'),
('151027', '15', '10', '27', 'SAN PEDRO DE PILAS'),
('151028', '15', '10', '28', 'TANTA'),
('151029', '15', '10', '29', 'TAURIPAMPA'),
('151030', '15', '10', '30', 'TOMAS'),
('151031', '15', '10', '31', 'TUPE'),
('151032', '15', '10', '32', 'VIÑAC'),
('151033', '15', '10', '33', 'VITIS'),
('160000', '16', '0', '0', 'LORETO'),
('160100', '16', '1', '0', 'MAYNAS'),
('160101', '16', '1', '1', 'IQUITOS'),
('160102', '16', '1', '2', 'ALTO NANAY'),
('160103', '16', '1', '3', 'FERNANDO LORES'),
('160104', '16', '1', '4', 'INDIANA'),
('160105', '16', '1', '5', 'LAS AMAZONAS'),
('160106', '16', '1', '6', 'MAZAN'),
('160107', '16', '1', '7', 'NAPO'),
('160108', '16', '1', '8', 'PUNCHANA'),
('160109', '16', '1', '9', 'PUTUMAYO'),
('160110', '16', '1', '10', 'TORRES CAUSANA'),
('160112', '16', '1', '12', 'BELEN'),
('160113', '16', '1', '13', 'SAN JUAN BAUTISTA'),
('160114', '16', '1', '14', 'TENIENTE MANUEL CLAVERO'),
('160200', '16', '2', '0', 'ALTO AMAZONAS'),
('160201', '16', '2', '1', 'YURIMAGUAS'),
('160202', '16', '2', '2', 'BALSAPUERTO'),
('160205', '16', '2', '5', 'JEBEROS'),
('160206', '16', '2', '6', 'LAGUNAS'),
('160210', '16', '2', '10', 'SANTA CRUZ'),
('160211', '16', '2', '11', 'TENIENTE CESAR LOPEZ ROJAS'),
('160300', '16', '3', '0', 'LORETO'),
('160301', '16', '3', '1', 'NAUTA'),
('160302', '16', '3', '2', 'PARINARI'),
('160303', '16', '3', '3', 'TIGRE'),
('160304', '16', '3', '4', 'TROMPETEROS'),
('160305', '16', '3', '5', 'URARINAS'),
('160400', '16', '4', '0', 'MARISCAL RAMON CASTILLA'),
('160401', '16', '4', '1', 'RAMON CASTILLA'),
('160402', '16', '4', '2', 'PEBAS'),
('160403', '16', '4', '3', 'YAVARI'),
('160404', '16', '4', '4', 'SAN PABLO'),
('160500', '16', '5', '0', 'REQUENA'),
('160501', '16', '5', '1', 'REQUENA'),
('160502', '16', '5', '2', 'ALTO TAPICHE'),
('160503', '16', '5', '3', 'CAPELO'),
('160504', '16', '5', '4', 'EMILIO SAN MARTIN'),
('160505', '16', '5', '5', 'MAQUIA'),
('160506', '16', '5', '6', 'PUINAHUA'),
('160507', '16', '5', '7', 'SAQUENA'),
('160508', '16', '5', '8', 'SOPLIN'),
('160509', '16', '5', '9', 'TAPICHE'),
('160510', '16', '5', '10', 'JENARO HERRERA'),
('160511', '16', '5', '11', 'YAQUERANA'),
('160600', '16', '6', '0', 'UCAYALI'),
('160601', '16', '6', '1', 'CONTAMANA'),
('160602', '16', '6', '2', 'INAHUAYA'),
('160603', '16', '6', '3', 'PADRE MARQUEZ'),
('160604', '16', '6', '4', 'PAMPA HERMOSA'),
('160605', '16', '6', '5', 'SARAYACU'),
('160606', '16', '6', '6', 'VARGAS GUERRA'),
('160700', '16', '7', '0', 'DATEM DEL MARAÑON'),
('160701', '16', '7', '1', 'BARRANCA'),
('160702', '16', '7', '2', 'CAHUAPANAS'),
('160703', '16', '7', '3', 'MANSERICHE'),
('160704', '16', '7', '4', 'MORONA'),
('160705', '16', '7', '5', 'PASTAZA'),
('160706', '16', '7', '6', 'ANDOAS'),
('170000', '17', '0', '0', 'MADRE DE DIOS'),
('170100', '17', '1', '0', 'TAMBOPATA'),
('170101', '17', '1', '1', 'TAMBOPATA'),
('170102', '17', '1', '2', 'INAMBARI'),
('170103', '17', '1', '3', 'LAS PIEDRAS'),
('170104', '17', '1', '4', 'LABERINTO'),
('170200', '17', '2', '0', 'MANU'),
('170201', '17', '2', '1', 'MANU'),
('170202', '17', '2', '2', 'FITZCARRALD'),
('170203', '17', '2', '3', 'MADRE DE DIOS'),
('170204', '17', '2', '4', 'HUEPETUHE'),
('170300', '17', '3', '0', 'TAHUAMANU'),
('170301', '17', '3', '1', 'IÑAPARI'),
('170302', '17', '3', '2', 'IBERIA'),
('170303', '17', '3', '3', 'TAHUAMANU'),
('180000', '18', '0', '0', 'MOQUEGUA'),
('180100', '18', '1', '0', 'MARISCAL NIETO'),
('180101', '18', '1', '1', 'MOQUEGUA'),
('180102', '18', '1', '2', 'CARUMAS'),
('180103', '18', '1', '3', 'CUCHUMBAYA'),
('180104', '18', '1', '4', 'SAMEGUA'),
('180105', '18', '1', '5', 'SAN CRISTOBAL'),
('180106', '18', '1', '6', 'TORATA'),
('180200', '18', '2', '0', 'GENERAL SANCHEZ CERRO'),
('180201', '18', '2', '1', 'OMATE'),
('180202', '18', '2', '2', 'CHOJATA'),
('180203', '18', '2', '3', 'COALAQUE'),
('180204', '18', '2', '4', 'ICHUÑA'),
('180205', '18', '2', '5', 'LA CAPILLA'),
('180206', '18', '2', '6', 'LLOQUE'),
('180207', '18', '2', '7', 'MATALAQUE'),
('180208', '18', '2', '8', 'PUQUINA'),
('180209', '18', '2', '9', 'QUINISTAQUILLAS'),
('180210', '18', '2', '10', 'UBINAS'),
('180211', '18', '2', '11', 'YUNGA'),
('180300', '18', '3', '0', 'ILO'),
('180301', '18', '3', '1', 'ILO'),
('180302', '18', '3', '2', 'EL ALGARROBAL'),
('180303', '18', '3', '3', 'PACOCHA'),
('190000', '19', '0', '0', 'PASCO'),
('190100', '19', '1', '0', 'PASCO'),
('190101', '19', '1', '1', 'CHAUPIMARCA'),
('190102', '19', '1', '2', 'HUACHON'),
('190103', '19', '1', '3', 'HUARIACA'),
('190104', '19', '1', '4', 'HUAYLLAY'),
('190105', '19', '1', '5', 'NINACACA'),
('190106', '19', '1', '6', 'PALLANCHACRA'),
('190107', '19', '1', '7', 'PAUCARTAMBO'),
('190108', '19', '1', '8', 'SAN FRANCISCO DE ASIS DE YARUSYACAN'),
('190109', '19', '1', '9', 'SIMON BOLIVAR'),
('190110', '19', '1', '10', 'TICLACAYAN'),
('190111', '19', '1', '11', 'TINYAHUARCO'),
('190112', '19', '1', '12', 'VICCO'),
('190113', '19', '1', '13', 'YANACANCHA'),
('190200', '19', '2', '0', 'DANIEL ALCIDES CARRION'),
('190201', '19', '2', '1', 'YANAHUANCA'),
('190202', '19', '2', '2', 'CHACAYAN'),
('190203', '19', '2', '3', 'GOYLLARISQUIZGA'),
('190204', '19', '2', '4', 'PAUCAR'),
('190205', '19', '2', '5', 'SAN PEDRO DE PILLAO'),
('190206', '19', '2', '6', 'SANTA ANA DE TUSI'),
('190207', '19', '2', '7', 'TAPUC'),
('190208', '19', '2', '8', 'VILCABAMBA'),
('190300', '19', '3', '0', 'OXAPAMPA'),
('190301', '19', '3', '1', 'OXAPAMPA'),
('190302', '19', '3', '2', 'CHONTABAMBA'),
('190303', '19', '3', '3', 'HUANCABAMBA'),
('190304', '19', '3', '4', 'PALCAZU'),
('190305', '19', '3', '5', 'POZUZO'),
('190306', '19', '3', '6', 'PUERTO BERMUDEZ'),
('190307', '19', '3', '7', 'VILLA RICA'),
('190308', '19', '3', '8', 'CONSTITUCION'),
('200000', '20', '0', '0', 'PIURA'),
('200100', '20', '1', '0', 'PIURA'),
('200101', '20', '1', '1', 'PIURA'),
('200104', '20', '1', '4', 'CASTILLA'),
('200105', '20', '1', '5', 'CATACAOS'),
('200107', '20', '1', '7', 'CURA MORI'),
('200108', '20', '1', '8', 'EL TALLAN'),
('200109', '20', '1', '9', 'LA ARENA'),
('200110', '20', '1', '10', 'LA UNION'),
('200111', '20', '1', '11', 'LAS LOMAS'),
('200114', '20', '1', '14', 'TAMBO GRANDE'),
('200200', '20', '2', '0', 'AYABACA'),
('200201', '20', '2', '1', 'AYABACA'),
('200202', '20', '2', '2', 'FRIAS'),
('200203', '20', '2', '3', 'JILILI'),
('200204', '20', '2', '4', 'LAGUNAS'),
('200205', '20', '2', '5', 'MONTERO'),
('200206', '20', '2', '6', 'PACAIPAMPA'),
('200207', '20', '2', '7', 'PAIMAS'),
('200208', '20', '2', '8', 'SAPILLICA'),
('200209', '20', '2', '9', 'SICCHEZ'),
('200210', '20', '2', '10', 'SUYO'),
('200300', '20', '3', '0', 'HUANCABAMBA'),
('200301', '20', '3', '1', 'HUANCABAMBA'),
('200302', '20', '3', '2', 'CANCHAQUE'),
('200303', '20', '3', '3', 'EL CARMEN DE LA FRONTERA'),
('200304', '20', '3', '4', 'HUARMACA'),
('200305', '20', '3', '5', 'LALAQUIZ'),
('200306', '20', '3', '6', 'SAN MIGUEL DE EL FAIQUE'),
('200307', '20', '3', '7', 'SONDOR'),
('200308', '20', '3', '8', 'SONDORILLO'),
('200400', '20', '4', '0', 'MORROPON'),
('200401', '20', '4', '1', 'CHULUCANAS'),
('200402', '20', '4', '2', 'BUENOS AIRES'),
('200403', '20', '4', '3', 'CHALACO'),
('200404', '20', '4', '4', 'LA MATANZA'),
('200405', '20', '4', '5', 'MORROPON'),
('200406', '20', '4', '6', 'SALITRAL'),
('200407', '20', '4', '7', 'SAN JUAN DE BIGOTE'),
('200408', '20', '4', '8', 'SANTA CATALINA DE MOSSA'),
('200409', '20', '4', '9', 'SANTO DOMINGO'),
('200410', '20', '4', '10', 'YAMANGO'),
('200500', '20', '5', '0', 'PAITA'),
('200501', '20', '5', '1', 'PAITA'),
('200502', '20', '5', '2', 'AMOTAPE'),
('200503', '20', '5', '3', 'ARENAL'),
('200504', '20', '5', '4', 'COLAN'),
('200505', '20', '5', '5', 'LA HUACA'),
('200506', '20', '5', '6', 'TAMARINDO'),
('200507', '20', '5', '7', 'VICHAYAL'),
('200600', '20', '6', '0', 'SULLANA'),
('200601', '20', '6', '1', 'SULLANA'),
('200602', '20', '6', '2', 'BELLAVISTA'),
('200603', '20', '6', '3', 'IGNACIO ESCUDERO'),
('200604', '20', '6', '4', 'LANCONES'),
('200605', '20', '6', '5', 'MARCAVELICA'),
('200606', '20', '6', '6', 'MIGUEL CHECA'),
('200607', '20', '6', '7', 'QUERECOTILLO'),
('200608', '20', '6', '8', 'SALITRAL'),
('200700', '20', '7', '0', 'TALARA'),
('200701', '20', '7', '1', 'PARIÑAS'),
('200702', '20', '7', '2', 'EL ALTO'),
('200703', '20', '7', '3', 'LA BREA'),
('200704', '20', '7', '4', 'LOBITOS'),
('200705', '20', '7', '5', 'LOS ORGANOS'),
('200706', '20', '7', '6', 'MANCORA'),
('200800', '20', '8', '0', 'SECHURA'),
('200801', '20', '8', '1', 'SECHURA'),
('200802', '20', '8', '2', 'BELLAVISTA DE LA UNION'),
('200803', '20', '8', '3', 'BERNAL'),
('200804', '20', '8', '4', 'CRISTO NOS VALGA'),
('200805', '20', '8', '5', 'VICE'),
('200806', '20', '8', '6', 'RINCONADA LLICUAR'),
('210000', '21', '0', '0', 'PUNO'),
('210100', '21', '1', '0', 'PUNO'),
('210101', '21', '1', '1', 'PUNO'),
('210102', '21', '1', '2', 'ACORA'),
('210103', '21', '1', '3', 'AMANTANI'),
('210104', '21', '1', '4', 'ATUNCOLLA'),
('210105', '21', '1', '5', 'CAPACHICA'),
('210106', '21', '1', '6', 'CHUCUITO'),
('210107', '21', '1', '7', 'COATA'),
('210108', '21', '1', '8', 'HUATA'),
('210109', '21', '1', '9', 'MAÑAZO'),
('210110', '21', '1', '10', 'PAUCARCOLLA'),
('210111', '21', '1', '11', 'PICHACANI'),
('210112', '21', '1', '12', 'PLATERIA'),
('210113', '21', '1', '13', 'SAN ANTONIO'),
('210114', '21', '1', '14', 'TIQUILLACA'),
('210115', '21', '1', '15', 'VILQUE'),
('210200', '21', '2', '0', 'AZANGARO'),
('210201', '21', '2', '1', 'AZANGARO'),
('210202', '21', '2', '2', 'ACHAYA'),
('210203', '21', '2', '3', 'ARAPA'),
('210204', '21', '2', '4', 'ASILLO'),
('210205', '21', '2', '5', 'CAMINACA'),
('210206', '21', '2', '6', 'CHUPA'),
('210207', '21', '2', '7', 'JOSE DOMINGO CHOQUEHUANCA'),
('210208', '21', '2', '8', 'MUÑANI'),
('210209', '21', '2', '9', 'POTONI'),
('210210', '21', '2', '10', 'SAMAN'),
('210211', '21', '2', '11', 'SAN ANTON'),
('210212', '21', '2', '12', 'SAN JOSE'),
('210213', '21', '2', '13', 'SAN JUAN DE SALINAS'),
('210214', '21', '2', '14', 'SANTIAGO DE PUPUJA'),
('210215', '21', '2', '15', 'TIRAPATA'),
('210300', '21', '3', '0', 'CARABAYA'),
('210301', '21', '3', '1', 'MACUSANI'),
('210302', '21', '3', '2', 'AJOYANI'),
('210303', '21', '3', '3', 'AYAPATA'),
('210304', '21', '3', '4', 'COASA'),
('210305', '21', '3', '5', 'CORANI'),
('210306', '21', '3', '6', 'CRUCERO'),
('210307', '21', '3', '7', 'ITUATA'),
('210308', '21', '3', '8', 'OLLACHEA'),
('210309', '21', '3', '9', 'SAN GABAN'),
('210310', '21', '3', '10', 'USICAYOS'),
('210400', '21', '4', '0', 'CHUCUITO'),
('210401', '21', '4', '1', 'JULI'),
('210402', '21', '4', '2', 'DESAGUADERO'),
('210403', '21', '4', '3', 'HUACULLANI'),
('210404', '21', '4', '4', 'KELLUYO'),
('210405', '21', '4', '5', 'PISACOMA'),
('210406', '21', '4', '6', 'POMATA'),
('210407', '21', '4', '7', 'ZEPITA'),
('210500', '21', '5', '0', 'EL COLLAO'),
('210501', '21', '5', '1', 'ILAVE'),
('210502', '21', '5', '2', 'CAPAZO'),
('210503', '21', '5', '3', 'PILCUYO'),
('210504', '21', '5', '4', 'SANTA ROSA'),
('210505', '21', '5', '5', 'CONDURIRI'),
('210600', '21', '6', '0', 'HUANCANE'),
('210601', '21', '6', '1', 'HUANCANE'),
('210602', '21', '6', '2', 'COJATA'),
('210603', '21', '6', '3', 'HUATASANI'),
('210604', '21', '6', '4', 'INCHUPALLA'),
('210605', '21', '6', '5', 'PUSI'),
('210606', '21', '6', '6', 'ROSASPATA'),
('210607', '21', '6', '7', 'TARACO'),
('210608', '21', '6', '8', 'VILQUE CHICO'),
('210700', '21', '7', '0', 'LAMPA'),
('210701', '21', '7', '1', 'LAMPA'),
('210702', '21', '7', '2', 'CABANILLA'),
('210703', '21', '7', '3', 'CALAPUJA'),
('210704', '21', '7', '4', 'NICASIO'),
('210705', '21', '7', '5', 'OCUVIRI'),
('210706', '21', '7', '6', 'PALCA'),
('210707', '21', '7', '7', 'PARATIA'),
('210708', '21', '7', '8', 'PUCARA'),
('210709', '21', '7', '9', 'SANTA LUCIA'),
('210710', '21', '7', '10', 'VILAVILA'),
('210800', '21', '8', '0', 'MELGAR'),
('210801', '21', '8', '1', 'AYAVIRI'),
('210802', '21', '8', '2', 'ANTAUTA'),
('210803', '21', '8', '3', 'CUPI'),
('210804', '21', '8', '4', 'LLALLI'),
('210805', '21', '8', '5', 'MACARI'),
('210806', '21', '8', '6', 'NUÑOA'),
('210807', '21', '8', '7', 'ORURILLO'),
('210808', '21', '8', '8', 'SANTA ROSA'),
('210809', '21', '8', '9', 'UMACHIRI'),
('210900', '21', '9', '0', 'MOHO'),
('210901', '21', '9', '1', 'MOHO'),
('210902', '21', '9', '2', 'CONIMA'),
('210903', '21', '9', '3', 'HUAYRAPATA'),
('210904', '21', '9', '4', 'TILALI'),
('211000', '21', '10', '0', 'SAN ANTONIO DE PUTINA'),
('211001', '21', '10', '1', 'PUTINA'),
('211002', '21', '10', '2', 'ANANEA'),
('211003', '21', '10', '3', 'PEDRO VILCA APAZA'),
('211004', '21', '10', '4', 'QUILCAPUNCU'),
('211005', '21', '10', '5', 'SINA'),
('211100', '21', '11', '0', 'SAN ROMAN'),
('211101', '21', '11', '1', 'JULIACA'),
('211102', '21', '11', '2', 'CABANA'),
('211103', '21', '11', '3', 'CABANILLAS'),
('211104', '21', '11', '4', 'CARACOTO'),
('211200', '21', '12', '0', 'SANDIA'),
('211201', '21', '12', '1', 'SANDIA'),
('211202', '21', '12', '2', 'CUYOCUYO'),
('211203', '21', '12', '3', 'LIMBANI'),
('211204', '21', '12', '4', 'PATAMBUCO'),
('211205', '21', '12', '5', 'PHARA'),
('211206', '21', '12', '6', 'QUIACA'),
('211207', '21', '12', '7', 'SAN JUAN DEL ORO'),
('211208', '21', '12', '8', 'YANAHUAYA'),
('211209', '21', '12', '9', 'ALTO INAMBARI'),
('211210', '21', '12', '10', 'SAN PEDRO DE PUTINA PUNCO'),
('211300', '21', '13', '0', 'YUNGUYO'),
('211301', '21', '13', '1', 'YUNGUYO'),
('211302', '21', '13', '2', 'ANAPIA'),
('211303', '21', '13', '3', 'COPANI'),
('211304', '21', '13', '4', 'CUTURAPI'),
('211305', '21', '13', '5', 'OLLARAYA'),
('211306', '21', '13', '6', 'TINICACHI'),
('211307', '21', '13', '7', 'UNICACHI'),
('220000', '22', '0', '0', 'SAN MARTIN'),
('220100', '22', '1', '0', 'MOYOBAMBA'),
('220101', '22', '1', '1', 'MOYOBAMBA'),
('220102', '22', '1', '2', 'CALZADA'),
('220103', '22', '1', '3', 'HABANA'),
('220104', '22', '1', '4', 'JEPELACIO'),
('220105', '22', '1', '5', 'SORITOR'),
('220106', '22', '1', '6', 'YANTALO'),
('220200', '22', '2', '0', 'BELLAVISTA'),
('220201', '22', '2', '1', 'BELLAVISTA'),
('220202', '22', '2', '2', 'ALTO BIAVO'),
('220203', '22', '2', '3', 'BAJO BIAVO'),
('220204', '22', '2', '4', 'HUALLAGA'),
('220205', '22', '2', '5', 'SAN PABLO'),
('220206', '22', '2', '6', 'SAN RAFAEL'),
('220300', '22', '3', '0', 'EL DORADO'),
('220301', '22', '3', '1', 'SAN JOSE DE SISA'),
('220302', '22', '3', '2', 'AGUA BLANCA'),
('220303', '22', '3', '3', 'SAN MARTIN'),
('220304', '22', '3', '4', 'SANTA ROSA'),
('220305', '22', '3', '5', 'SHATOJA'),
('220400', '22', '4', '0', 'HUALLAGA'),
('220401', '22', '4', '1', 'SAPOSOA'),
('220402', '22', '4', '2', 'ALTO SAPOSOA'),
('220403', '22', '4', '3', 'EL ESLABON'),
('220404', '22', '4', '4', 'PISCOYACU'),
('220405', '22', '4', '5', 'SACANCHE'),
('220406', '22', '4', '6', 'TINGO DE SAPOSOA'),
('220500', '22', '5', '0', 'LAMAS'),
('220501', '22', '5', '1', 'LAMAS'),
('220502', '22', '5', '2', 'ALONSO DE ALVARADO'),
('220503', '22', '5', '3', 'BARRANQUITA'),
('220504', '22', '5', '4', 'CAYNARACHI'),
('220505', '22', '5', '5', 'CUÑUMBUQUI'),
('220506', '22', '5', '6', 'PINTO RECODO'),
('220507', '22', '5', '7', 'RUMISAPA'),
('220508', '22', '5', '8', 'SAN ROQUE DE CUMBAZA'),
('220509', '22', '5', '9', 'SHANAO'),
('220510', '22', '5', '10', 'TABALOSOS'),
('220511', '22', '5', '11', 'ZAPATERO'),
('220600', '22', '6', '0', 'MARISCAL CACERES'),
('220601', '22', '6', '1', 'JUANJUI'),
('220602', '22', '6', '2', 'CAMPANILLA'),
('220603', '22', '6', '3', 'HUICUNGO'),
('220604', '22', '6', '4', 'PACHIZA'),
('220605', '22', '6', '5', 'PAJARILLO'),
('220700', '22', '7', '0', 'PICOTA'),
('220701', '22', '7', '1', 'PICOTA'),
('220702', '22', '7', '2', 'BUENOS AIRES'),
('220703', '22', '7', '3', 'CASPISAPA'),
('220704', '22', '7', '4', 'PILLUANA'),
('220705', '22', '7', '5', 'PUCACACA'),
('220706', '22', '7', '6', 'SAN CRISTOBAL'),
('220707', '22', '7', '7', 'SAN HILARION'),
('220708', '22', '7', '8', 'SHAMBOYACU'),
('220709', '22', '7', '9', 'TINGO DE PONASA'),
('220710', '22', '7', '10', 'TRES UNIDOS'),
('220800', '22', '8', '0', 'RIOJA'),
('220801', '22', '8', '1', 'RIOJA'),
('220802', '22', '8', '2', 'AWAJUN'),
('220803', '22', '8', '3', 'ELIAS SOPLIN VARGAS'),
('220804', '22', '8', '4', 'NUEVA CAJAMARCA'),
('220805', '22', '8', '5', 'PARDO MIGUEL'),
('220806', '22', '8', '6', 'POSIC'),
('220807', '22', '8', '7', 'SAN FERNANDO'),
('220808', '22', '8', '8', 'YORONGOS'),
('220809', '22', '8', '9', 'YURACYACU'),
('220900', '22', '9', '0', 'SAN MARTIN'),
('220901', '22', '9', '1', 'TARAPOTO'),
('220902', '22', '9', '2', 'ALBERTO LEVEAU'),
('220903', '22', '9', '3', 'CACATACHI'),
('220904', '22', '9', '4', 'CHAZUTA'),
('220905', '22', '9', '5', 'CHIPURANA'),
('220906', '22', '9', '6', 'EL PORVENIR'),
('220907', '22', '9', '7', 'HUIMBAYOC'),
('220908', '22', '9', '8', 'JUAN GUERRA'),
('220909', '22', '9', '9', 'LA BANDA DE SHILCAYO'),
('220910', '22', '9', '10', 'MORALES'),
('220911', '22', '9', '11', 'PAPAPLAYA'),
('220912', '22', '9', '12', 'SAN ANTONIO'),
('220913', '22', '9', '13', 'SAUCE'),
('220914', '22', '9', '14', 'SHAPAJA'),
('221000', '22', '10', '0', 'TOCACHE'),
('221001', '22', '10', '1', 'TOCACHE'),
('221002', '22', '10', '2', 'NUEVO PROGRESO'),
('221003', '22', '10', '3', 'POLVORA'),
('221004', '22', '10', '4', 'SHUNTE'),
('221005', '22', '10', '5', 'UCHIZA'),
('230000', '23', '0', '0', 'TACNA'),
('230100', '23', '1', '0', 'TACNA'),
('230101', '23', '1', '1', 'TACNA'),
('230102', '23', '1', '2', 'ALTO DE LA ALIANZA'),
('230103', '23', '1', '3', 'CALANA'),
('230104', '23', '1', '4', 'CIUDAD NUEVA'),
('230105', '23', '1', '5', 'INCLAN'),
('230106', '23', '1', '6', 'PACHIA'),
('230107', '23', '1', '7', 'PALCA'),
('230108', '23', '1', '8', 'POCOLLAY'),
('230109', '23', '1', '9', 'SAMA'),
('230110', '23', '1', '10', 'CORONEL GREGORIO ALBARRACIN LANCHIPA'),
('230200', '23', '2', '0', 'CANDARAVE'),
('230201', '23', '2', '1', 'CANDARAVE'),
('230202', '23', '2', '2', 'CAIRANI'),
('230203', '23', '2', '3', 'CAMILACA'),
('230204', '23', '2', '4', 'CURIBAYA'),
('230205', '23', '2', '5', 'HUANUARA'),
('230206', '23', '2', '6', 'QUILAHUANI'),
('230300', '23', '3', '0', 'JORGE BASADRE'),
('230301', '23', '3', '1', 'LOCUMBA'),
('230302', '23', '3', '2', 'ILABAYA'),
('230303', '23', '3', '3', 'ITE'),
('230400', '23', '4', '0', 'TARATA'),
('230401', '23', '4', '1', 'TARATA'),
('230402', '23', '4', '2', 'HEROES ALBARRACIN'),
('230403', '23', '4', '3', 'ESTIQUE'),
('230404', '23', '4', '4', 'ESTIQUE-PAMPA'),
('230405', '23', '4', '5', 'SITAJARA'),
('230406', '23', '4', '6', 'SUSAPAYA'),
('230407', '23', '4', '7', 'TARUCACHI'),
('230408', '23', '4', '8', 'TICACO'),
('240000', '24', '0', '0', 'TUMBES'),
('240100', '24', '1', '0', 'TUMBES'),
('240101', '24', '1', '1', 'TUMBES'),
('240102', '24', '1', '2', 'CORRALES'),
('240103', '24', '1', '3', 'LA CRUZ'),
('240104', '24', '1', '4', 'PAMPAS DE HOSPITAL'),
('240105', '24', '1', '5', 'SAN JACINTO'),
('240106', '24', '1', '6', 'SAN JUAN DE LA VIRGEN'),
('240200', '24', '2', '0', 'CONTRALMIRANTE VILLAR'),
('240201', '24', '2', '1', 'ZORRITOS'),
('240202', '24', '2', '2', 'CASITAS'),
('240203', '24', '2', '3', 'CANOAS DE PUNTA SAL'),
('240300', '24', '3', '0', 'ZARUMILLA'),
('240301', '24', '3', '1', 'ZARUMILLA'),
('240302', '24', '3', '2', 'AGUAS VERDES'),
('240303', '24', '3', '3', 'MATAPALO'),
('240304', '24', '3', '4', 'PAPAYAL'),
('250000', '25', '0', '0', 'UCAYALI'),
('250100', '25', '1', '0', 'CORONEL PORTILLO'),
('250101', '25', '1', '1', 'CALLERIA'),
('250102', '25', '1', '2', 'CAMPOVERDE'),
('250103', '25', '1', '3', 'IPARIA'),
('250104', '25', '1', '4', 'MASISEA'),
('250105', '25', '1', '5', 'YARINACOCHA'),
('250106', '25', '1', '6', 'NUEVA REQUENA'),
('250107', '25', '1', '7', 'MANANTAY'),
('250200', '25', '2', '0', 'ATALAYA'),
('250201', '25', '2', '1', 'RAYMONDI'),
('250202', '25', '2', '2', 'SEPAHUA'),
('250203', '25', '2', '3', 'TAHUANIA'),
('250204', '25', '2', '4', 'YURUA'),
('250300', '25', '3', '0', 'PADRE ABAD'),
('250301', '25', '3', '1', 'PADRE ABAD'),
('250302', '25', '3', '2', 'IRAZOLA'),
('250303', '25', '3', '3', 'CURIMANA'),
('250400', '25', '4', '0', 'PURUS'),
('250401', '25', '4', '1', 'PURUS');

-- --------------------------------------------------------

--
-- Estructura de tabla para la tabla `users`
--

CREATE TABLE `users` (
  `idusuario` int(11) NOT NULL,
  `Fuid` varchar(100) NOT NULL,
  `Ffname` varchar(100) NOT NULL,
  `Femail` varchar(60) DEFAULT NULL,
  `idubigeo` char(6) DEFAULT NULL,
  `direccion` varchar(150) DEFAULT NULL,
  `telefono` varchar(15) DEFAULT NULL,
  `num_documento` varchar(8) DEFAULT NULL
) ENGINE=InnoDB DEFAULT CHARSET=utf8;

--
-- Índices para tablas volcadas
--

--
-- Indices de la tabla `archivo`
--
ALTER TABLE `archivo`
  ADD PRIMARY KEY (`idarchivo`),
  ADD KEY `fk_archivo_denuncia_idx` (`iddenuncia`);

--
-- Indices de la tabla `denuncia`
--
ALTER TABLE `denuncia`
  ADD PRIMARY KEY (`iddenuncia`),
  ADD KEY `fk_denuncia_ubigeo_idx` (`idubigeo`),
  ADD KEY `fk_denuncia_tipo_denuncia_idx` (`idtipo_denuncia`),
  ADD KEY `fk_denuncia_users_idx` (`idusuario`);

--
-- Indices de la tabla `pasos_denuncia`
--
ALTER TABLE `pasos_denuncia`
  ADD PRIMARY KEY (`idpasos_denuncia`),
  ADD KEY `fk_pasos_denuncia_tipo_denuncia_idx` (`idtipo_denuncia`);

--
-- Indices de la tabla `tipo_denuncia`
--
ALTER TABLE `tipo_denuncia`
  ADD PRIMARY KEY (`idtipo_denuncia`);

--
-- Indices de la tabla `ubigeo`
--
ALTER TABLE `ubigeo`
  ADD PRIMARY KEY (`idubigeo`);

--
-- Indices de la tabla `users`
--
ALTER TABLE `users`
  ADD PRIMARY KEY (`idusuario`),
  ADD KEY `fk_usuario_ubigeo_idx` (`idubigeo`);

--
-- AUTO_INCREMENT de las tablas volcadas
--

--
-- AUTO_INCREMENT de la tabla `archivo`
--
ALTER TABLE `archivo`
  MODIFY `idarchivo` int(11) NOT NULL AUTO_INCREMENT;
--
-- AUTO_INCREMENT de la tabla `denuncia`
--
ALTER TABLE `denuncia`
  MODIFY `iddenuncia` int(11) NOT NULL AUTO_INCREMENT;
--
-- AUTO_INCREMENT de la tabla `pasos_denuncia`
--
ALTER TABLE `pasos_denuncia`
  MODIFY `idpasos_denuncia` int(11) NOT NULL AUTO_INCREMENT, AUTO_INCREMENT=29;
--
-- AUTO_INCREMENT de la tabla `tipo_denuncia`
--
ALTER TABLE `tipo_denuncia`
  MODIFY `idtipo_denuncia` int(11) NOT NULL AUTO_INCREMENT, AUTO_INCREMENT=11;
--
-- AUTO_INCREMENT de la tabla `users`
--
ALTER TABLE `users`
  MODIFY `idusuario` int(11) NOT NULL AUTO_INCREMENT;
--
-- Restricciones para tablas volcadas
--

--
-- Filtros para la tabla `archivo`
--
ALTER TABLE `archivo`
  ADD CONSTRAINT `fk_archivo_denuncia` FOREIGN KEY (`iddenuncia`) REFERENCES `denuncia` (`iddenuncia`) ON DELETE NO ACTION ON UPDATE NO ACTION;

--
-- Filtros para la tabla `denuncia`
--
ALTER TABLE `denuncia`
  ADD CONSTRAINT `fk_denuncia_tipo_denuncia` FOREIGN KEY (`idtipo_denuncia`) REFERENCES `tipo_denuncia` (`idtipo_denuncia`) ON DELETE NO ACTION ON UPDATE NO ACTION,
  ADD CONSTRAINT `fk_denuncia_ubigeo` FOREIGN KEY (`idubigeo`) REFERENCES `ubigeo` (`idubigeo`) ON DELETE NO ACTION ON UPDATE NO ACTION,
  ADD CONSTRAINT `fk_denuncia_users` FOREIGN KEY (`idusuario`) REFERENCES `users` (`idusuario`) ON DELETE NO ACTION ON UPDATE NO ACTION;

--
-- Filtros para la tabla `pasos_denuncia`
--
ALTER TABLE `pasos_denuncia`
  ADD CONSTRAINT `fk_pasos_denuncia_tipo_denuncia` FOREIGN KEY (`idtipo_denuncia`) REFERENCES `tipo_denuncia` (`idtipo_denuncia`) ON DELETE NO ACTION ON UPDATE NO ACTION;

--
-- Filtros para la tabla `users`
--
ALTER TABLE `users`
  ADD CONSTRAINT `fk_usuario_ubigeo` FOREIGN KEY (`idubigeo`) REFERENCES `ubigeo` (`idubigeo`) ON DELETE NO ACTION ON UPDATE NO ACTION;

/*!40101 SET CHARACTER_SET_CLIENT=@OLD_CHARACTER_SET_CLIENT */;
/*!40101 SET CHARACTER_SET_RESULTS=@OLD_CHARACTER_SET_RESULTS */;
/*!40101 SET COLLATION_CONNECTION=@OLD_COLLATION_CONNECTION */;
